0_s_1_ang,10,303
1000_s_1_hap,9,286
1001_s_1_hap,17,377
1002_s_1_hap,20,393
1003_s_1_hap,17,620
1004_s_1_hap,13,338
1005_s_1_hap,8,309
1006_s_1_hap,9,268
1007_s_1_hap,6,315
1008_s_1_exc,20,625
1009_s_1_hap,10,314
100_s_1_ang,23,440
1010_s_1_hap,20,475
1011_s_1_hap,18,469
1012_s_1_hap,9,277
1013_s_1_hap,9,288
1014_s_1_hap,7,275
1015_s_1_exc,11,484
1016_s_1_hap,8,245
1017_s_1_hap,7,256
1018_s_1_hap,4,133
1019_s_1_hap,6,182
101_s_1_ang,15,290
1020_s_1_hap,28,565
1021_s_1_sad,10,231
1022_s_1_hap,15,605
1023_s_1_hap,18,368
1024_s_1_hap,16,635
1025_s_1_hap,9,273
1026_s_1_hap,8,259
1027_s_1_exc,49,1430
1028_s_1_exc,8,337
1029_s_1_hap,16,362
102_s_1_ang,22,584
1030_s_1_hap,29,891
1031_s_1_hap,13,330
1032_s_1_exc,36,939
1033_s_1_hap,12,433
1034_s_1_hap,4,285
1035_s_1_hap,9,244
1036_s_1_neu,8,229
1037_s_1_neu,7,243
1038_s_1_ang,16,375
1039_s_1_ang,9,276
103_s_1_neu,12,391
1040_s_1_ang,22,601
1041_s_1_ang,5,178
1042_s_1_ang,32,714
1043_s_1_ang,10,307
1044_s_1_ang,9,220
1045_s_1_ang,18,375
1046_s_1_ang,9,245
1047_s_1_ang,21,610
1048_s_1_ang,5,200
1049_s_1_ang,18,351
104_s_1_neu,4,167
1050_s_1_ang,4,122
1051_s_1_ang,8,253
1052_s_1_ang,9,283
1053_s_1_ang,16,501
1054_s_1_ang,6,166
1055_s_1_ang,10,259
1056_s_1_ang,21,517
1057_s_1_ang,38,938
1058_s_1_ang,16,489
1059_s_1_ang,65,1892
105_s_1_neu,12,326
1060_s_1_neu,11,336
1061_s_1_neu,16,620
1062_s_1_neu,9,278
1063_s_1_ang,30,652
1064_s_1_ang,23,514
1065_s_1_ang,20,565
1066_s_1_ang,14,374
1067_s_1_ang,17,392
1068_s_1_ang,30,666
1069_s_1_ang,11,282
106_s_1_neu,5,180
1070_s_1_ang,32,922
1071_s_1_ang,48,1246
1072_s_1_ang,13,335
1073_s_1_ang,20,582
1074_s_1_ang,11,255
1075_s_1_ang,11,316
1076_s_1_ang,9,299
1077_s_1_ang,12,384
1078_s_1_ang,6,355
1079_s_1_ang,8,208
107_s_1_neu,24,464
1080_s_1_ang,8,216
1081_s_1_ang,25,758
1082_s_1_ang,9,229
1083_s_1_ang,7,172
1084_s_1_ang,48,1425
1085_s_2_neu,23,424
1086_s_2_ang,26,570
1087_s_2_ang,24,521
1088_s_2_ang,17,420
1089_s_2_ang,53,1021
108_s_1_neu,11,334
1090_s_2_neu,4,143
1091_s_2_neu,23,610
1092_s_2_neu,13,269
1093_s_2_neu,5,146
1094_s_2_ang,23,509
1095_s_2_ang,8,232
1096_s_2_sad,11,300
1097_s_2_sad,18,602
1098_s_2_sad,30,728
1099_s_2_sad,8,259
109_s_1_neu,18,303
10_s_1_ang,41,1021
1100_s_2_sad,38,1217
1101_s_2_sad,8,311
1102_s_2_sad,28,683
1103_s_2_sad,30,1194
1104_s_2_sad,40,1120
1105_s_2_sad,10,405
1106_s_2_sad,28,781
1107_s_2_sad,25,823
1108_s_2_sad,20,628
1109_s_2_sad,14,1311
110_s_1_neu,5,119
1110_s_2_sad,47,1349
1111_s_2_sad,5,192
1112_s_2_exc,25,404
1113_s_2_exc,15,212
1114_s_2_exc,7,200
1115_s_2_exc,57,1208
1116_s_2_exc,20,420
1117_s_2_exc,8,142
1118_s_2_exc,31,633
1119_s_2_exc,23,457
111_s_1_neu,4,112
1120_s_2_hap,36,621
1121_s_2_hap,34,588
1122_s_2_hap,36,642
1123_s_2_hap,48,702
1124_s_2_hap,30,713
1125_s_2_exc,39,1108
1126_s_2_hap,10,273
1127_s_2_exc,29,644
1128_s_2_hap,9,186
1129_s_2_hap,29,343
112_s_1_neu,24,267
1130_s_2_exc,49,846
1131_s_2_hap,12,359
1132_s_2_hap,12,391
1133_s_2_neu,6,343
1134_s_2_hap,17,570
1135_s_2_exc,13,261
1136_s_2_hap,26,480
1137_s_2_hap,17,317
1138_s_2_hap,12,335
1139_s_2_exc,21,509
113_s_1_neu,4,175
1140_s_2_neu,22,608
1141_s_2_neu,9,144
1142_s_2_neu,14,407
1143_s_2_neu,20,279
1144_s_2_neu,7,145
1145_s_2_neu,15,386
1146_s_2_hap,44,859
1147_s_2_hap,22,627
1148_s_2_hap,18,349
1149_s_2_hap,38,966
114_s_1_neu,18,380
1150_s_2_exc,21,425
1151_s_2_exc,17,506
1153_s_2_sad,7,230
1155_s_2_neu,24,436
1156_s_2_neu,37,629
1157_s_2_neu,16,340
1158_s_2_neu,63,1296
1159_s_2_neu,38,761
115_s_1_neu,11,234
1160_s_2_neu,27,766
1161_s_2_neu,38,683
1162_s_2_neu,28,485
1163_s_2_neu,18,573
1164_s_2_neu,54,920
1167_s_2_neu,64,1315
1168_s_2_neu,52,1277
116_s_1_neu,12,340
1171_s_2_neu,42,932
1172_s_2_neu,24,535
1173_s_2_neu,18,365
1174_s_2_neu,32,729
1175_s_2_neu,5,146
1176_s_2_ang,38,839
1177_s_2_ang,15,296
1178_s_2_ang,27,606
1179_s_2_neu,20,463
117_s_1_neu,30,766
1180_s_2_neu,21,858
1181_s_2_neu,23,653
1182_s_2_neu,32,735
1183_s_2_neu,21,725
1184_s_2_neu,16,439
1185_s_2_neu,34,1002
1186_s_2_neu,25,686
1187_s_2_neu,41,798
1188_s_2_neu,21,401
1189_s_2_neu,26,714
118_s_1_neu,44,690
1190_s_2_neu,25,765
1191_s_2_neu,67,1665
1192_s_2_neu,18,402
1193_s_2_neu,26,705
1194_s_2_neu,7,188
1195_s_2_neu,49,1185
1196_s_2_neu,7,337
1197_s_2_neu,14,177
1198_s_2_neu,57,1450
1199_s_2_neu,65,1790
119_s_1_neu,14,298
11_s_1_neu,13,503
1200_s_2_neu,30,568
1201_s_2_sad,8,509
1202_s_2_sad,11,271
1203_s_2_sad,25,674
1207_s_2_sad,18,606
1208_s_2_sad,22,679
1209_s_2_sad,21,822
120_s_1_neu,14,281
1210_s_2_sad,9,211
1211_s_2_sad,10,333
1212_s_2_sad,8,216
1213_s_2_sad,14,309
1214_s_2_sad,13,601
1215_s_2_sad,4,124
1216_s_2_neu,9,228
1217_s_2_neu,8,487
1218_s_2_neu,10,256
121_s_1_neu,15,606
1220_s_2_neu,20,719
1221_s_2_neu,30,676
1223_s_2_neu,35,938
1224_s_2_neu,10,535
1225_s_2_neu,41,1070
1226_s_2_neu,22,630
1227_s_2_neu,34,860
1228_s_2_neu,20,566
1229_s_2_neu,45,1453
122_s_1_neu,4,131
1230_s_2_neu,15,223
1231_s_2_neu,22,810
1232_s_2_neu,10,215
1233_s_2_neu,35,814
1234_s_2_neu,56,1414
1235_s_2_neu,24,498
1236_s_2_exc,11,227
1237_s_2_exc,16,247
1238_s_2_exc,35,580
1239_s_2_exc,4,120
123_s_1_neu,11,192
1240_s_2_exc,7,110
1241_s_2_exc,9,190
1242_s_2_exc,43,615
1243_s_2_exc,39,772
1244_s_2_exc,23,426
1245_s_2_exc,29,517
1246_s_2_exc,37,812
1247_s_2_exc,29,525
1248_s_2_exc,9,330
1249_s_2_exc,33,626
124_s_1_neu,43,973
1250_s_2_exc,24,395
1251_s_2_exc,16,244
1252_s_2_exc,41,694
1253_s_2_exc,57,1133
1254_s_2_exc,54,934
1255_s_2_exc,19,259
1256_s_2_exc,29,751
1257_s_2_exc,72,1133
1258_s_2_exc,12,169
1259_s_2_exc,15,218
125_s_1_neu,7,230
1260_s_2_exc,34,764
1261_s_2_exc,36,612
1262_s_2_exc,8,130
1263_s_2_exc,18,401
1264_s_2_exc,7,107
1267_s_2_exc,12,191
1268_s_2_exc,26,443
1269_s_2_exc,33,625
126_s_1_neu,17,459
1270_s_2_exc,17,366
1271_s_2_exc,11,224
1272_s_2_exc,4,164
1273_s_2_neu,9,273
1274_s_2_exc,11,291
1275_s_2_exc,7,183
1276_s_2_exc,10,166
1277_s_2_exc,7,142
1278_s_2_exc,30,546
1279_s_2_exc,12,289
127_s_1_neu,8,219
1280_s_2_exc,4,122
1281_s_2_exc,3,132
1282_s_2_exc,5,114
1283_s_2_exc,7,312
1284_s_2_exc,8,185
1285_s_2_neu,4,110
1286_s_2_exc,27,556
1288_s_2_hap,14,221
1289_s_2_exc,5,137
128_s_1_neu,12,320
1290_s_2_exc,13,169
1291_s_2_exc,30,813
1292_s_2_exc,16,508
1293_s_2_exc,16,282
1294_s_2_neu,27,429
1295_s_2_neu,7,171
1296_s_2_neu,15,474
1297_s_2_neu,20,347
1298_s_2_neu,36,728
1299_s_2_neu,29,811
129_s_1_neu,10,240
12_s_1_neu,13,280
1300_s_2_neu,36,648
1301_s_2_neu,7,110
1302_s_2_neu,30,490
1303_s_2_neu,22,424
1304_s_2_neu,55,1273
1305_s_2_neu,6,236
1306_s_2_neu,51,1287
1307_s_2_neu,33,860
1308_s_2_neu,4,140
1309_s_2_neu,4,149
130_s_1_neu,12,266
1310_s_2_neu,9,308
1311_s_2_neu,20,295
1312_s_2_neu,21,383
1313_s_2_neu,46,995
1314_s_2_neu,17,239
1315_s_2_neu,37,837
1316_s_2_neu,57,1111
1317_s_2_neu,49,1005
1318_s_2_neu,21,525
1319_s_2_neu,26,573
131_s_1_neu,7,124
1320_s_2_neu,21,515
1321_s_2_neu,5,143
1322_s_2_neu,4,110
1323_s_2_neu,29,558
1324_s_2_neu,11,186
1325_s_2_neu,58,919
1326_s_2_neu,6,168
1327_s_2_neu,23,629
1328_s_2_neu,19,439
1329_s_2_neu,12,156
132_s_1_neu,10,286
1330_s_2_neu,14,236
1331_s_2_neu,13,456
1332_s_2_neu,28,611
1333_s_2_neu,23,536
1334_s_2_neu,18,298
1335_s_2_neu,4,130
1336_s_2_sad,8,199
1337_s_2_sad,6,276
1338_s_2_sad,12,231
1339_s_2_sad,14,413
133_s_1_neu,12,272
1340_s_2_neu,12,244
1341_s_2_ang,21,358
1342_s_2_neu,8,194
1343_s_2_neu,17,271
1344_s_2_neu,13,307
1345_s_2_neu,24,440
1346_s_2_sad,14,291
1347_s_2_ang,6,169
1348_s_2_ang,14,252
1349_s_2_ang,7,217
134_s_1_ang,6,212
1350_s_2_ang,13,334
1352_s_2_ang,49,1145
1353_s_2_ang,26,509
1354_s_2_neu,11,247
1355_s_2_ang,12,279
1356_s_2_ang,9,202
1357_s_2_ang,7,138
1358_s_2_sad,57,1296
1359_s_2_neu,6,158
135_s_1_ang,25,732
1360_s_2_ang,23,327
1361_s_2_ang,13,345
1362_s_2_ang,37,747
1363_s_2_neu,9,251
1366_s_2_ang,10,215
1367_s_2_ang,27,524
1368_s_2_ang,36,722
1369_s_2_neu,13,313
136_s_1_ang,7,166
1370_s_2_neu,30,558
1371_s_2_neu,13,228
1372_s_2_neu,7,172
1373_s_2_neu,7,189
1374_s_2_neu,9,194
1375_s_2_neu,11,235
1376_s_2_ang,12,250
1377_s_2_ang,12,232
1378_s_2_ang,20,446
1379_s_2_sad,14,258
137_s_1_ang,26,512
1380_s_2_hap,10,275
1381_s_2_hap,9,242
1382_s_2_hap,6,188
1383_s_2_hap,34,860
1384_s_2_sad,23,909
1385_s_2_sad,8,219
1386_s_2_sad,9,195
1387_s_2_sad,6,142
1388_s_2_sad,5,170
1389_s_2_sad,7,177
138_s_1_ang,12,338
1390_s_2_sad,8,226
1391_s_2_hap,10,237
1392_s_2_neu,9,165
1393_s_2_exc,44,953
1394_s_2_sad,9,312
1395_s_2_sad,18,457
1396_s_2_sad,10,233
1397_s_2_sad,26,715
1398_s_2_sad,8,215
1399_s_2_sad,6,157
139_s_1_ang,56,1549
13_s_1_neu,10,221
1400_s_2_sad,23,519
1401_s_2_sad,55,1414
1402_s_2_sad,33,899
1403_s_2_sad,42,1371
1404_s_2_sad,43,1165
1405_s_2_sad,47,1531
1406_s_2_sad,57,1732
1407_s_2_sad,53,1174
1408_s_2_sad,37,990
1409_s_2_neu,5,118
140_s_1_ang,17,391
1410_s_2_neu,4,128
1411_s_2_neu,12,222
1412_s_2_neu,5,149
1413_s_2_exc,16,360
1414_s_2_exc,25,413
1415_s_2_exc,34,611
1416_s_2_exc,6,109
1417_s_2_exc,19,525
1418_s_2_exc,26,474
1419_s_2_exc,41,822
141_s_1_ang,33,936
1420_s_2_neu,7,149
1421_s_2_neu,27,703
1422_s_2_neu,31,475
1423_s_2_neu,26,555
1424_s_2_exc,22,558
1425_s_2_exc,32,535
1427_s_2_neu,8,143
1428_s_2_neu,4,89
1429_s_2_neu,8,150
142_s_1_ang,10,239
1430_s_2_neu,37,676
1431_s_2_exc,38,696
1432_s_2_exc,41,933
1433_s_2_exc,18,296
1434_s_2_exc,41,840
1435_s_2_neu,27,450
1436_s_2_neu,10,165
1437_s_2_exc,16,445
1438_s_2_exc,44,812
1439_s_2_exc,50,1437
143_s_1_ang,25,537
1440_s_2_exc,44,996
1441_s_2_exc,30,847
1442_s_2_exc,23,443
1443_s_2_neu,10,192
1444_s_2_neu,7,149
1445_s_2_neu,5,139
1446_s_2_ang,37,744
1447_s_2_ang,17,450
1448_s_2_ang,48,1355
1449_s_2_sad,28,603
144_s_1_ang,23,443
1450_s_2_sad,39,1002
1451_s_2_sad,35,953
1452_s_2_sad,31,883
1453_s_2_sad,17,455
1454_s_2_sad,20,528
1456_s_2_sad,4,98
1457_s_2_sad,4,87
1458_s_2_sad,17,502
1459_s_2_sad,15,334
145_s_1_ang,17,476
1460_s_2_sad,34,1535
1461_s_2_sad,8,162
1462_s_2_sad,32,812
1463_s_2_hap,10,289
1464_s_2_hap,11,390
1465_s_2_hap,21,885
1466_s_2_sad,9,233
1468_s_2_exc,10,209
1469_s_2_neu,7,131
146_s_1_ang,16,338
1470_s_2_neu,15,409
1471_s_2_neu,18,242
1472_s_2_neu,25,683
1473_s_2_neu,46,1017
1474_s_2_neu,14,241
1476_s_2_neu,15,329
1477_s_2_neu,30,471
1478_s_2_neu,25,606
1479_s_2_neu,12,182
147_s_1_ang,8,192
1480_s_2_neu,50,904
1481_s_2_neu,32,482
1482_s_2_neu,20,542
1483_s_2_neu,11,198
1484_s_2_neu,7,175
1485_s_2_ang,46,1076
1486_s_2_sad,68,1554
1488_s_2_neu,4,109
1489_s_2_sad,8,196
148_s_1_ang,4,138
1490_s_2_sad,10,213
1491_s_2_sad,11,287
1492_s_2_sad,21,533
1493_s_2_hap,34,575
1494_s_2_hap,10,193
1496_s_2_hap,16,461
1498_s_2_exc,12,405
1499_s_2_hap,8,227
149_s_1_ang,13,311
14_s_1_ang,21,659
1500_s_2_hap,17,385
1501_s_2_hap,14,365
1502_s_2_hap,16,367
1503_s_2_hap,8,235
1504_s_2_neu,6,125
1505_s_2_neu,16,301
1506_s_2_neu,18,533
1507_s_2_neu,14,323
1508_s_2_neu,11,231
1509_s_2_neu,25,622
150_s_1_ang,7,148
1510_s_2_hap,12,245
1511_s_2_hap,11,223
1512_s_2_hap,33,762
1513_s_2_hap,6,203
1514_s_2_hap,21,477
1515_s_2_hap,35,566
1516_s_2_hap,10,291
1517_s_2_hap,15,425
1518_s_2_neu,12,296
1519_s_2_hap,22,730
151_s_1_ang,10,211
1520_s_2_exc,11,369
1521_s_2_neu,5,109
1522_s_2_neu,8,153
1523_s_2_neu,14,489
1524_s_2_neu,9,187
1525_s_2_neu,23,469
1526_s_2_neu,11,202
1527_s_2_neu,12,375
1528_s_2_neu,21,294
1529_s_2_neu,39,722
152_s_1_ang,23,395
1530_s_2_neu,16,349
1531_s_2_neu,16,278
1532_s_2_neu,5,136
1533_s_2_neu,15,351
1534_s_2_neu,11,223
1535_s_2_exc,12,328
1536_s_2_exc,29,549
1537_s_2_neu,11,274
1538_s_2_exc,54,1395
1539_s_2_exc,25,440
153_s_1_ang,13,331
1540_s_2_neu,56,1067
1541_s_2_neu,12,267
1542_s_2_neu,24,485
1543_s_2_neu,9,209
1544_s_2_neu,22,553
1545_s_2_neu,10,222
1546_s_2_exc,11,262
1547_s_2_neu,9,224
1548_s_2_neu,19,478
1549_s_2_neu,25,450
154_s_1_neu,9,158
1550_s_2_neu,18,412
1551_s_2_neu,12,279
1552_s_2_ang,8,208
1553_s_2_ang,4,114
1554_s_2_exc,22,526
1555_s_2_ang,7,210
1556_s_2_ang,11,204
1557_s_2_ang,8,186
1558_s_2_ang,5,184
1559_s_2_ang,4,149
155_s_1_hap,7,123
1560_s_2_ang,9,227
1561_s_2_ang,17,463
1562_s_2_ang,15,406
1563_s_2_ang,14,241
1564_s_2_ang,25,553
1565_s_2_ang,35,633
1566_s_2_ang,22,414
1567_s_2_ang,8,196
1568_s_2_ang,26,458
1569_s_2_ang,53,1087
156_s_1_hap,5,111
1570_s_2_neu,19,366
1571_s_2_neu,16,304
1572_s_2_ang,6,117
1573_s_2_ang,8,209
1574_s_2_neu,18,415
1575_s_2_neu,15,344
1576_s_2_ang,24,484
1577_s_2_ang,10,231
1578_s_2_ang,24,422
1579_s_2_ang,9,211
157_s_1_neu,4,148
1580_s_2_ang,13,271
1581_s_2_ang,6,125
1582_s_2_ang,8,219
1583_s_2_ang,29,683
1584_s_2_ang,9,199
1585_s_2_ang,6,149
1586_s_2_ang,8,193
1587_s_2_ang,11,179
1588_s_2_ang,15,285
1589_s_2_ang,23,415
158_s_1_neu,4,152
1590_s_2_neu,10,203
1591_s_2_neu,5,124
1592_s_2_neu,12,307
1593_s_2_neu,29,691
1594_s_2_neu,3,164
1595_s_2_neu,26,684
1596_s_2_neu,21,521
1597_s_2_neu,8,141
1598_s_2_neu,9,134
1599_s_2_neu,13,266
159_s_1_neu,32,406
15_s_1_neu,6,194
1600_s_2_neu,7,228
1601_s_2_neu,14,329
1602_s_2_neu,17,363
1603_s_2_neu,14,306
1604_s_2_ang,28,819
1605_s_2_ang,5,209
1606_s_2_ang,38,676
1607_s_2_ang,38,664
1608_s_2_ang,13,204
1609_s_2_ang,30,690
160_s_1_neu,4,173
1610_s_2_ang,52,829
1611_s_2_sad,10,205
1612_s_2_sad,36,780
1613_s_2_sad,12,283
1614_s_2_sad,3,133
1615_s_2_sad,16,386
1616_s_2_sad,6,156
1617_s_2_sad,6,145
1618_s_2_sad,10,197
1619_s_2_sad,10,302
161_s_1_neu,21,585
1620_s_2_sad,14,481
1621_s_2_sad,23,672
1622_s_2_sad,11,417
1623_s_2_sad,20,472
1624_s_2_sad,8,264
1625_s_2_sad,32,806
1626_s_2_sad,25,466
1627_s_2_sad,3,97
1628_s_2_sad,14,207
1629_s_2_sad,31,624
162_s_1_neu,7,182
1630_s_2_sad,22,916
1631_s_2_sad,32,861
1632_s_2_neu,22,814
1633_s_2_sad,18,480
1634_s_2_sad,38,1259
1635_s_2_exc,15,381
1636_s_2_exc,6,189
1637_s_2_exc,12,231
1638_s_2_exc,7,134
1639_s_2_exc,9,175
163_s_1_neu,17,585
1640_s_2_exc,19,386
1641_s_2_exc,19,422
1642_s_2_exc,8,211
1643_s_2_exc,12,348
1644_s_2_exc,41,935
1645_s_2_exc,8,142
1646_s_2_exc,22,379
1647_s_2_exc,11,213
1648_s_2_exc,13,244
1649_s_2_exc,8,199
164_s_1_neu,29,611
1650_s_2_exc,10,258
1651_s_2_exc,20,523
1652_s_2_exc,29,589
1653_s_2_exc,23,530
1654_s_2_exc,12,241
1655_s_2_exc,8,319
1656_s_2_exc,15,327
1657_s_2_exc,24,529
1658_s_2_exc,32,577
1659_s_2_hap,22,755
165_s_1_neu,65,2029
1660_s_2_hap,16,340
1661_s_2_hap,7,89
1662_s_2_hap,6,147
1663_s_2_hap,9,169
1664_s_2_exc,7,136
1665_s_2_hap,17,362
1666_s_2_exc,9,164
1667_s_2_exc,11,148
1668_s_2_exc,25,505
1669_s_2_hap,18,444
166_s_1_neu,11,276
1670_s_2_exc,30,667
1671_s_2_exc,5,130
1672_s_2_hap,35,816
1673_s_2_hap,8,172
1674_s_2_exc,14,394
1675_s_2_hap,5,95
1676_s_2_neu,7,180
1677_s_2_neu,15,312
1678_s_2_neu,16,323
1679_s_2_neu,22,354
167_s_1_neu,4,144
1680_s_2_neu,14,296
1681_s_2_neu,27,672
1682_s_2_neu,26,531
1683_s_2_neu,14,443
1684_s_2_neu,27,658
1685_s_2_sad,6,182
1686_s_2_neu,27,544
1687_s_2_neu,47,1049
1688_s_2_neu,18,359
1689_s_2_neu,31,669
168_s_1_neu,6,145
1690_s_2_neu,24,744
1691_s_2_neu,21,497
1692_s_2_sad,33,550
1693_s_2_ang,11,328
1694_s_2_sad,10,312
1695_s_2_neu,9,123
1696_s_2_neu,22,396
1697_s_2_neu,11,175
1698_s_2_neu,45,1141
1699_s_2_neu,30,608
169_s_1_neu,11,302
16_s_1_neu,4,138
1700_s_2_neu,32,810
1701_s_2_neu,29,738
1702_s_2_neu,41,1322
1703_s_2_neu,12,223
1704_s_2_neu,3,73
1705_s_2_neu,4,123
1706_s_2_neu,47,1114
1707_s_2_neu,15,465
1708_s_2_neu,28,617
1709_s_2_neu,10,184
170_s_1_neu,36,823
1710_s_2_neu,27,619
1711_s_2_neu,6,156
1712_s_2_neu,33,837
1713_s_2_neu,12,335
1714_s_2_neu,7,156
1715_s_2_neu,14,278
1716_s_2_neu,15,294
1717_s_2_neu,31,717
1718_s_2_neu,20,627
1719_s_2_neu,27,609
171_s_1_neu,25,639
1720_s_2_neu,37,850
1721_s_2_neu,6,128
1722_s_2_neu,21,455
1723_s_2_neu,24,502
1724_s_2_neu,15,429
1725_s_2_ang,42,701
1726_s_2_ang,32,681
1727_s_2_ang,23,528
1728_s_2_ang,20,488
1729_s_2_ang,33,553
172_s_1_neu,4,153
1730_s_2_sad,11,409
1731_s_2_sad,11,383
1732_s_2_sad,14,473
1733_s_2_sad,4,154
1734_s_2_sad,5,219
1735_s_2_sad,3,76
1736_s_2_sad,16,518
1737_s_2_sad,11,301
1738_s_2_sad,5,155
1739_s_2_sad,4,187
173_s_1_neu,5,133
1740_s_2_sad,15,466
1741_s_2_sad,9,257
1742_s_2_sad,12,282
1743_s_2_sad,3,199
1744_s_2_sad,7,178
1745_s_2_sad,4,203
1746_s_2_sad,4,201
1747_s_2_sad,8,195
1748_s_2_sad,14,445
1749_s_2_sad,40,1503
174_s_1_neu,6,223
1750_s_2_sad,18,797
1751_s_2_sad,36,1692
1752_s_2_sad,20,935
1753_s_2_sad,39,1294
1754_s_2_sad,20,648
1755_s_2_sad,25,697
1756_s_2_sad,45,1776
1757_s_2_sad,8,373
1758_s_2_sad,16,741
1759_s_2_sad,8,288
175_s_1_neu,30,731
1760_s_2_sad,16,594
1761_s_2_sad,14,474
1762_s_2_sad,12,746
1763_s_2_sad,35,1208
1764_s_2_sad,51,1496
1765_s_2_sad,7,261
1766_s_2_sad,21,969
1767_s_2_sad,7,183
1768_s_2_sad,14,555
1769_s_2_sad,4,207
176_s_1_neu,34,631
1770_s_2_sad,5,291
1771_s_2_exc,12,210
1772_s_2_exc,11,421
1773_s_2_exc,12,242
1774_s_2_exc,15,204
1775_s_2_exc,12,188
1776_s_2_exc,12,228
1777_s_2_exc,43,750
1778_s_2_exc,7,170
1779_s_2_exc,6,140
177_s_1_neu,7,137
1780_s_2_exc,19,370
1781_s_2_exc,8,161
1782_s_2_exc,5,127
1783_s_2_exc,15,241
1784_s_2_hap,15,348
1785_s_2_hap,7,159
1786_s_2_hap,12,204
1787_s_2_hap,22,432
1788_s_2_hap,33,802
1789_s_2_hap,13,199
178_s_1_neu,22,574
1790_s_2_hap,14,337
1791_s_2_hap,8,163
1792_s_2_exc,10,227
1793_s_2_exc,13,400
1794_s_2_hap,10,206
1795_s_2_exc,28,581
1796_s_2_exc,4,149
1797_s_2_exc,9,190
1798_s_2_hap,31,480
1799_s_2_hap,9,441
179_s_1_neu,7,171
17_s_1_neu,7,313
1800_s_2_exc,8,149
1801_s_2_exc,10,246
1802_s_2_exc,22,488
1803_s_2_exc,10,119
1804_s_2_hap,25,591
1805_s_2_hap,6,144
1806_s_2_hap,11,176
1807_s_2_exc,9,163
1808_s_2_exc,19,319
1809_s_2_exc,16,354
180_s_1_neu,19,374
1810_s_2_exc,21,341
1811_s_2_exc,4,101
1812_s_2_exc,15,217
1813_s_2_exc,19,431
1814_s_2_exc,25,518
1815_s_2_exc,11,161
1816_s_2_hap,24,743
1817_s_2_hap,14,252
1818_s_2_hap,49,714
1819_s_2_hap,44,935
181_s_1_neu,27,648
1820_s_2_exc,39,744
1821_s_2_hap,6,186
1822_s_2_exc,47,825
1823_s_2_exc,19,412
1824_s_2_exc,24,566
1825_s_2_exc,26,592
1826_s_2_exc,36,611
1827_s_2_neu,9,277
1828_s_2_neu,26,549
1829_s_2_neu,29,443
182_s_1_neu,21,453
1830_s_2_neu,33,790
1831_s_2_neu,17,396
1832_s_2_hap,4,128
1833_s_2_hap,4,100
1834_s_2_neu,6,143
1835_s_2_neu,6,124
1836_s_2_neu,6,119
1837_s_2_hap,19,357
1838_s_2_hap,8,260
1839_s_2_neu,11,239
183_s_1_neu,12,228
1840_s_2_neu,19,469
1841_s_2_neu,52,1047
1842_s_2_neu,19,293
1843_s_2_neu,14,239
1844_s_2_neu,28,447
1845_s_2_neu,16,339
1846_s_2_neu,32,568
1847_s_2_neu,10,190
1848_s_2_neu,52,952
1849_s_2_neu,24,536
184_s_1_neu,26,651
1850_s_2_neu,16,273
1851_s_2_neu,13,237
1852_s_2_neu,37,819
1853_s_2_neu,14,284
1854_s_2_neu,8,130
1855_s_2_neu,4,114
1856_s_2_neu,23,408
1857_s_2_neu,23,741
1858_s_2_neu,34,711
1859_s_2_neu,12,163
185_s_1_neu,30,631
1860_s_2_neu,9,190
1861_s_2_neu,6,187
1862_s_2_neu,51,1068
1863_s_2_neu,17,374
1864_s_2_neu,15,339
1865_s_2_neu,22,568
1866_s_2_neu,56,1087
1867_s_2_neu,15,409
1868_s_2_neu,21,353
1869_s_2_neu,12,376
186_s_1_sad,4,158
1870_s_2_neu,15,351
1871_s_2_neu,22,518
1872_s_2_neu,17,324
1873_s_2_neu,21,399
1874_s_2_ang,17,381
1875_s_2_ang,14,335
1876_s_2_ang,8,244
1877_s_2_ang,12,281
1878_s_2_ang,11,308
1879_s_2_ang,7,259
187_s_1_neu,6,133
1880_s_2_ang,11,286
1881_s_2_ang,13,276
1882_s_2_sad,10,208
1883_s_2_sad,21,580
1884_s_2_sad,14,402
1885_s_2_sad,14,296
1886_s_2_ang,11,178
1887_s_2_ang,23,517
1888_s_2_neu,13,388
1889_s_2_neu,5,141
188_s_1_neu,5,197
1890_s_2_neu,12,243
1891_s_2_ang,10,283
1892_s_2_ang,43,1201
1893_s_2_ang,7,174
1894_s_2_neu,10,239
1895_s_2_neu,25,548
1896_s_2_sad,30,730
1897_s_2_sad,19,470
1898_s_2_sad,22,501
1899_s_2_ang,20,435
189_s_1_sad,15,668
18_s_1_neu,14,403
1900_s_2_ang,13,373
1901_s_2_ang,35,725
1902_s_2_sad,9,283
1903_s_2_ang,9,235
1904_s_2_ang,18,409
1905_s_2_ang,11,317
1906_s_2_ang,10,233
1907_s_2_ang,9,225
1908_s_2_ang,16,358
1909_s_2_ang,37,822
190_s_1_sad,45,1204
1910_s_2_sad,17,364
1911_s_2_neu,13,306
1912_s_2_neu,13,218
1913_s_2_neu,7,182
1914_s_2_neu,9,208
1915_s_2_ang,11,269
1916_s_2_ang,11,271
1917_s_2_hap,14,246
1918_s_2_hap,15,510
1919_s_2_hap,19,738
191_s_1_sad,28,800
1920_s_2_hap,11,349
1921_s_2_neu,16,383
1922_s_2_hap,10,479
1923_s_2_hap,9,378
1924_s_2_hap,6,219
1925_s_2_sad,23,955
1926_s_2_sad,9,381
1927_s_2_sad,9,352
1928_s_2_sad,36,950
1929_s_2_sad,43,849
192_s_1_sad,39,991
1930_s_2_hap,10,336
1931_s_2_hap,15,317
1932_s_2_exc,42,1013
1933_s_2_exc,9,354
1934_s_2_exc,12,283
1935_s_2_sad,17,431
1936_s_2_sad,9,344
1937_s_2_sad,18,582
1938_s_2_sad,8,391
1939_s_2_sad,6,309
193_s_1_neu,23,758
1940_s_2_sad,23,722
1941_s_2_sad,56,1519
1942_s_2_sad,36,1016
1943_s_2_sad,47,1667
1944_s_2_sad,36,1246
1945_s_2_sad,51,2051
1946_s_2_sad,57,2252
1947_s_2_sad,53,1323
1948_s_2_sad,36,1410
1949_s_2_neu,8,346
194_s_1_sad,20,584
1950_s_2_neu,4,139
1951_s_2_neu,5,209
1952_s_2_neu,5,174
1953_s_2_neu,6,162
1954_s_2_neu,5,185
1955_s_2_sad,7,163
1956_s_2_neu,4,99
1957_s_2_ang,45,1025
1958_s_2_neu,7,153
1959_s_2_neu,5,133
195_s_1_sad,58,1508
1960_s_2_exc,15,335
1961_s_2_exc,26,442
1962_s_2_exc,6,143
1963_s_2_exc,21,626
1964_s_2_exc,25,561
1965_s_2_exc,37,886
1966_s_2_exc,33,746
1967_s_2_exc,33,654
1968_s_2_exc,24,479
1969_s_2_exc,21,630
196_s_1_sad,34,897
1970_s_2_exc,20,519
1971_s_2_exc,39,802
1972_s_2_exc,41,1012
1973_s_2_exc,17,337
1974_s_2_exc,38,995
1975_s_2_exc,36,781
1976_s_2_exc,18,512
1977_s_2_exc,36,972
1978_s_2_exc,17,474
1979_s_2_exc,32,856
197_s_1_sad,7,153
1980_s_2_exc,60,1882
1981_s_2_exc,41,1153
1982_s_2_exc,32,939
1983_s_2_exc,19,347
1984_s_2_ang,33,781
1985_s_2_ang,17,437
1986_s_2_ang,45,1203
1987_s_2_ang,31,657
1988_s_2_sad,26,640
1989_s_2_sad,36,890
198_s_1_sad,6,199
1990_s_2_sad,31,874
1991_s_2_sad,28,811
1992_s_2_sad,17,558
1993_s_2_sad,19,541
1994_s_2_sad,4,95
1995_s_2_sad,4,97
1996_s_2_sad,17,531
1997_s_2_sad,36,1442
1998_s_2_hap,15,305
1999_s_2_sad,30,735
199_s_1_sad,6,298
19_s_1_ang,8,275
1_s_1_ang,9,195
2000_s_2_hap,12,276
2001_s_2_sad,9,219
2002_s_2_hap,5,151
2003_s_2_neu,4,138
2004_s_2_neu,8,198
2005_s_2_neu,7,185
2006_s_2_neu,12,478
2007_s_2_neu,11,220
2008_s_2_neu,40,1185
2009_s_2_neu,23,452
200_s_1_neu,31,759
2010_s_2_neu,25,618
2011_s_2_exc,42,937
2012_s_2_exc,28,555
2013_s_2_neu,21,547
2014_s_2_neu,10,228
2015_s_2_neu,7,180
2016_s_2_neu,6,162
2017_s_2_ang,54,1294
2018_s_2_sad,10,214
2019_s_2_sad,11,367
201_s_1_neu,25,720
2020_s_2_sad,19,592
2021_s_2_hap,14,426
2022_s_2_hap,30,610
2023_s_2_hap,8,216
2024_s_2_hap,15,418
2025_s_2_hap,5,139
2026_s_2_exc,9,270
2027_s_2_hap,7,235
2028_s_2_exc,12,380
2029_s_2_hap,8,273
202_s_1_neu,4,166
2030_s_2_hap,14,407
2031_s_2_exc,6,150
2032_s_2_sad,10,250
2033_s_2_hap,6,267
2034_s_2_hap,18,515
2035_s_2_hap,31,672
2036_s_2_hap,10,277
2037_s_2_hap,15,455
2038_s_2_hap,21,787
2039_s_2_hap,10,456
203_s_1_sad,57,1517
2040_s_2_hap,8,280
2041_s_2_exc,11,662
2042_s_2_hap,9,208
2043_s_2_hap,23,446
2044_s_2_sad,9,198
2045_s_2_hap,11,369
2046_s_2_hap,38,910
2047_s_2_exc,19,313
2048_s_2_exc,16,397
2049_s_2_exc,13,332
204_s_1_sad,49,1658
2050_s_2_sad,13,381
2051_s_2_exc,11,286
2052_s_2_exc,25,605
2053_s_2_exc,11,259
2054_s_2_exc,52,1370
2055_s_2_exc,22,479
2056_s_2_hap,12,366
2057_s_2_hap,13,258
2058_s_2_hap,9,252
2059_s_2_exc,10,302
205_s_1_sad,13,491
2060_s_2_exc,12,294
2061_s_2_neu,21,488
2062_s_2_neu,18,434
2063_s_2_neu,6,161
2064_s_2_neu,17,298
2065_s_2_neu,24,495
2066_s_2_neu,5,190
2067_s_2_neu,19,436
2068_s_2_neu,12,278
2069_s_2_ang,4,128
206_s_1_sad,7,403
2070_s_2_neu,12,492
2071_s_2_ang,5,171
2072_s_2_ang,29,683
2073_s_2_neu,10,356
2074_s_2_ang,6,215
2075_s_2_ang,14,417
2076_s_2_ang,12,208
2077_s_2_ang,20,588
2078_s_2_ang,27,651
2079_s_2_ang,17,423
207_s_1_sad,21,690
2080_s_2_ang,7,209
2081_s_2_ang,56,1143
2082_s_2_ang,17,388
2083_s_2_neu,19,389
2084_s_2_ang,15,365
2085_s_2_ang,16,412
2086_s_2_ang,13,266
2087_s_2_ang,6,208
2088_s_2_neu,9,237
2089_s_2_neu,15,421
208_s_1_sad,73,1895
2090_s_2_neu,20,665
2091_s_2_neu,8,293
2092_s_2_neu,13,329
2093_s_2_neu,17,421
2094_s_2_ang,11,304
2095_s_2_ang,16,381
2096_s_2_ang,24,470
2097_s_2_neu,8,264
2098_s_2_neu,9,213
2099_s_2_ang,6,175
209_s_1_sad,28,876
20_s_1_neu,17,507
2100_s_2_ang,9,266
2101_s_2_ang,6,246
2102_s_2_ang,28,647
2103_s_2_ang,9,213
2104_s_2_ang,6,184
2105_s_2_ang,5,152
2106_s_2_ang,5,115
2107_s_2_ang,42,975
2108_s_3_neu,8,249
2109_s_3_neu,8,344
210_s_1_neu,12,622
2110_s_3_neu,19,405
2111_s_3_neu,9,296
2112_s_3_neu,7,320
2113_s_3_ang,41,936
2114_s_3_neu,4,279
2115_s_3_neu,12,500
2116_s_3_neu,17,427
2117_s_3_neu,9,312
2118_s_3_neu,6,254
2119_s_3_neu,8,215
211_s_1_sad,112,2913
2120_s_3_neu,7,268
2121_s_3_neu,11,443
2122_s_3_neu,9,476
2123_s_3_neu,6,339
2124_s_3_neu,10,219
2125_s_3_neu,26,927
2126_s_3_neu,24,571
2127_s_3_neu,20,583
2128_s_3_neu,11,323
2129_s_3_neu,7,334
212_s_1_sad,8,328
2130_s_3_neu,7,260
2131_s_3_neu,19,552
2132_s_3_neu,21,563
2133_s_3_neu,15,417
2134_s_3_neu,5,246
2135_s_3_neu,11,438
2136_s_3_neu,16,465
2137_s_3_ang,16,418
2138_s_3_ang,28,637
2139_s_3_sad,31,1192
213_s_1_neu,24,642
2140_s_3_ang,7,284
2141_s_3_neu,9,407
2142_s_3_neu,10,332
2143_s_3_neu,22,657
2144_s_3_neu,25,548
2145_s_3_neu,6,366
2146_s_3_neu,8,388
2147_s_3_neu,16,386
2148_s_3_neu,18,607
2149_s_3_ang,60,1545
214_s_1_neu,7,144
2150_s_3_ang,13,297
2151_s_3_neu,10,305
2152_s_3_neu,9,405
2153_s_3_neu,8,377
2154_s_3_neu,6,323
2155_s_3_neu,8,399
2156_s_3_neu,15,561
2157_s_3_neu,6,185
2158_s_3_neu,6,418
2159_s_3_neu,37,767
215_s_1_sad,27,605
2160_s_3_neu,4,130
2161_s_3_neu,12,237
2162_s_3_neu,7,159
2163_s_3_neu,9,191
2164_s_3_neu,4,102
2165_s_3_exc,4,113
2166_s_3_exc,13,545
2167_s_3_sad,33,1333
2168_s_3_sad,4,182
2169_s_3_sad,17,440
216_s_1_neu,4,132
2170_s_3_sad,3,100
2171_s_3_sad,7,186
2172_s_3_sad,18,372
2173_s_3_sad,11,413
2174_s_3_sad,17,379
2175_s_3_sad,32,662
2176_s_3_sad,9,232
2177_s_3_sad,26,446
2178_s_3_sad,9,196
2179_s_3_sad,9,229
217_s_1_neu,9,167
2180_s_3_sad,17,553
2181_s_3_sad,7,233
2182_s_3_sad,32,861
2183_s_3_sad,23,433
2184_s_3_sad,7,144
2185_s_3_sad,13,305
2186_s_3_sad,20,350
2187_s_3_sad,18,627
2188_s_3_sad,25,757
2189_s_3_sad,9,273
218_s_1_neu,7,149
2190_s_3_sad,14,351
2191_s_3_sad,5,158
2192_s_3_sad,28,695
2193_s_3_sad,8,165
2194_s_3_sad,7,228
2195_s_3_neu,5,180
2196_s_3_hap,28,744
2197_s_3_ang,15,321
2198_s_3_sad,7,214
2199_s_3_sad,12,313
219_s_1_sad,4,172
21_s_1_ang,33,724
2200_s_3_sad,8,164
2201_s_3_sad,15,409
2202_s_3_sad,15,550
2203_s_3_sad,13,411
2204_s_3_sad,8,207
2205_s_3_sad,9,242
2206_s_3_sad,14,230
2207_s_3_ang,33,652
2208_s_3_sad,18,531
2209_s_3_sad,17,476
220_s_1_neu,9,209
2210_s_3_sad,7,227
2211_s_3_exc,30,521
2212_s_3_exc,15,278
2213_s_3_exc,49,705
2214_s_3_exc,14,516
2215_s_3_exc,24,533
2216_s_3_exc,50,832
2217_s_3_exc,42,930
2218_s_3_exc,16,341
2219_s_3_exc,18,382
221_s_1_neu,7,135
2220_s_3_hap,6,237
2221_s_3_hap,31,701
2222_s_3_exc,8,166
2224_s_3_hap,9,233
2225_s_3_hap,31,596
2226_s_3_hap,12,326
2227_s_3_hap,26,584
2228_s_3_exc,14,328
2229_s_3_exc,22,687
222_s_1_neu,5,159
2230_s_3_exc,10,419
2231_s_3_exc,6,250
2232_s_3_exc,8,162
2233_s_3_exc,19,576
2234_s_3_exc,13,594
2235_s_3_exc,7,134
2236_s_3_hap,16,488
2237_s_3_exc,13,548
2238_s_3_sad,25,717
2239_s_3_sad,19,541
223_s_1_neu,12,331
2240_s_3_sad,9,235
2241_s_3_sad,3,162
2242_s_3_neu,12,279
2243_s_3_neu,10,277
2244_s_3_neu,16,383
2245_s_3_neu,13,323
2246_s_3_neu,7,219
2247_s_3_neu,11,256
2248_s_3_neu,11,277
2249_s_3_neu,9,232
224_s_1_neu,8,249
2250_s_3_neu,33,682
2251_s_3_neu,20,460
2252_s_3_neu,21,530
2253_s_3_neu,4,136
2254_s_3_neu,23,628
2255_s_3_neu,12,343
2256_s_3_neu,12,297
2257_s_3_neu,15,434
2258_s_3_neu,8,268
2259_s_3_neu,13,370
225_s_1_neu,16,276
2260_s_3_neu,20,439
2261_s_3_neu,16,335
2262_s_3_ang,23,346
2263_s_3_ang,39,729
2264_s_3_ang,47,903
2265_s_3_ang,12,308
2266_s_3_ang,24,396
2267_s_3_ang,6,206
2268_s_3_ang,19,569
2269_s_3_ang,12,274
226_s_1_neu,7,130
2270_s_3_ang,29,534
2271_s_3_ang,17,316
2272_s_3_neu,23,636
2273_s_3_neu,21,674
2274_s_3_neu,11,319
2275_s_3_neu,22,475
2276_s_3_neu,21,422
2277_s_3_neu,9,210
2278_s_3_sad,4,382
227_s_1_neu,7,196
2280_s_3_sad,21,445
2281_s_3_sad,18,567
2282_s_3_sad,9,353
2283_s_3_sad,23,872
2284_s_3_sad,12,362
2285_s_3_sad,6,282
2286_s_3_sad,7,267
2287_s_3_sad,10,324
2288_s_3_sad,31,1001
2289_s_3_sad,11,456
228_s_1_neu,10,318
2290_s_3_sad,9,380
2291_s_3_sad,15,520
2292_s_3_sad,25,685
2293_s_3_sad,16,494
2294_s_3_sad,11,465
2295_s_3_sad,5,284
2296_s_3_sad,10,298
2297_s_3_sad,6,324
2298_s_3_sad,26,912
2299_s_3_sad,21,574
229_s_1_exc,20,664
22_s_1_ang,37,603
2300_s_3_sad,14,457
2301_s_3_sad,15,545
2302_s_3_sad,7,331
2303_s_3_sad,13,939
2304_s_3_sad,18,587
2305_s_3_sad,9,365
2306_s_3_sad,9,418
2307_s_3_sad,24,749
2308_s_3_sad,9,278
2309_s_3_sad,11,405
230_s_1_exc,59,1204
2310_s_3_sad,4,175
2311_s_3_sad,13,400
2312_s_3_sad,13,534
2313_s_3_sad,8,276
2314_s_3_neu,6,241
2315_s_3_neu,10,304
2316_s_3_sad,23,680
2317_s_3_neu,4,296
2318_s_3_sad,13,313
2319_s_3_sad,10,413
231_s_1_exc,16,238
2320_s_3_sad,8,282
2321_s_3_sad,12,347
2322_s_3_sad,7,244
2324_s_3_sad,5,240
2325_s_3_sad,17,563
2326_s_3_sad,8,320
2327_s_3_sad,9,278
2328_s_3_sad,7,302
2329_s_3_sad,15,235
232_s_1_exc,22,532
2330_s_3_sad,17,385
2332_s_3_hap,10,242
2333_s_3_hap,15,384
2334_s_3_exc,22,415
2335_s_3_exc,15,357
2336_s_3_exc,71,1193
2337_s_3_exc,22,295
2338_s_3_hap,12,213
2339_s_3_hap,17,519
233_s_1_exc,11,293
2340_s_3_exc,7,257
2341_s_3_neu,12,258
2342_s_3_exc,38,731
2343_s_3_hap,9,208
2344_s_3_hap,8,258
2345_s_3_exc,30,512
2346_s_3_exc,15,358
2347_s_3_exc,22,416
2348_s_3_hap,15,331
2349_s_3_hap,12,240
234_s_1_exc,10,227
2350_s_3_exc,38,815
2351_s_3_exc,15,228
2352_s_3_exc,13,173
2353_s_3_exc,20,380
2354_s_3_neu,15,311
2355_s_3_hap,13,619
2356_s_3_hap,16,244
2357_s_3_hap,16,197
2358_s_3_neu,7,251
2359_s_3_neu,7,174
235_s_1_exc,16,380
2360_s_3_neu,9,173
2361_s_3_neu,15,214
2362_s_3_exc,5,151
2363_s_3_exc,6,176
2364_s_3_neu,5,138
2365_s_3_exc,11,441
2366_s_3_exc,11,235
2367_s_3_exc,10,259
2368_s_3_exc,15,444
2369_s_3_neu,12,342
236_s_1_exc,18,588
2370_s_3_exc,26,371
2371_s_3_neu,5,167
2372_s_3_neu,11,317
2373_s_3_exc,9,362
2374_s_3_exc,6,117
2375_s_3_exc,15,269
2376_s_3_exc,6,132
2377_s_3_exc,4,107
2378_s_3_neu,9,174
2379_s_3_hap,12,192
237_s_1_exc,15,720
2380_s_3_hap,8,230
2381_s_3_neu,10,190
2382_s_3_neu,9,119
2383_s_3_neu,32,583
2384_s_3_neu,25,482
2385_s_3_neu,13,365
2386_s_3_neu,28,671
2387_s_3_neu,18,274
2388_s_3_neu,14,270
2389_s_3_neu,17,426
238_s_1_exc,43,905
2390_s_3_neu,26,654
2391_s_3_neu,65,1084
2392_s_3_neu,11,208
2393_s_3_neu,23,514
2394_s_3_neu,8,193
2395_s_3_neu,31,474
2396_s_3_neu,19,330
2397_s_3_neu,10,226
2398_s_3_neu,5,132
2399_s_3_neu,5,73
239_s_1_exc,8,181
23_s_1_sad,14,933
2400_s_3_neu,9,211
2401_s_3_neu,17,385
2402_s_3_neu,10,232
2403_s_3_neu,9,158
2404_s_3_neu,4,133
2405_s_3_neu,43,819
2406_s_3_neu,26,459
2407_s_3_neu,12,268
2408_s_3_ang,18,485
2409_s_3_ang,22,498
240_s_1_exc,9,442
2410_s_3_ang,10,193
2411_s_3_ang,27,508
2412_s_3_ang,10,289
2413_s_3_ang,7,313
2414_s_3_ang,13,470
2415_s_3_ang,7,166
2416_s_3_ang,14,357
2417_s_3_ang,22,422
2418_s_3_neu,7,208
2419_s_3_ang,9,284
241_s_1_exc,18,517
2420_s_3_ang,26,463
2421_s_3_ang,13,312
2422_s_3_ang,9,188
2423_s_3_ang,13,453
2424_s_3_sad,24,700
2425_s_3_ang,29,840
2426_s_3_ang,17,255
2427_s_3_ang,36,727
2428_s_3_sad,10,168
2429_s_3_sad,8,249
242_s_1_exc,28,738
2430_s_3_sad,8,193
2431_s_3_neu,14,340
2432_s_3_neu,13,271
2433_s_3_neu,7,264
2434_s_3_neu,9,289
2435_s_3_neu,11,286
2436_s_3_neu,16,427
2437_s_3_neu,6,183
2438_s_3_ang,11,255
2439_s_3_ang,8,286
243_s_1_exc,43,789
2440_s_3_ang,4,163
2441_s_3_ang,7,289
2442_s_3_ang,10,276
2443_s_3_ang,9,213
2444_s_3_ang,15,286
2445_s_3_hap,15,345
2446_s_3_hap,19,366
2447_s_3_hap,13,467
2448_s_3_sad,12,383
2449_s_3_sad,13,406
244_s_1_exc,31,582
2450_s_3_hap,7,183
2451_s_3_hap,13,332
2452_s_3_hap,12,356
2453_s_3_hap,13,443
2454_s_3_hap,6,207
2455_s_3_hap,37,1053
2456_s_3_hap,14,661
2457_s_3_sad,13,374
2458_s_3_sad,22,589
2459_s_3_sad,7,341
245_s_1_exc,11,570
2460_s_3_sad,13,417
2461_s_3_sad,6,193
2462_s_3_sad,5,254
2463_s_3_sad,5,332
2464_s_3_sad,9,339
2465_s_3_sad,30,858
2466_s_3_hap,12,460
2467_s_3_hap,17,499
2468_s_3_neu,9,324
2469_s_3_neu,4,214
246_s_1_exc,53,912
2470_s_3_neu,4,225
2471_s_3_hap,45,1453
2472_s_3_hap,15,585
2473_s_3_hap,6,286
2474_s_3_hap,9,208
2475_s_3_hap,9,313
2476_s_3_hap,23,710
2477_s_3_hap,47,1213
2478_s_3_hap,21,447
2479_s_3_hap,9,263
247_s_1_exc,8,261
2480_s_3_hap,10,243
2481_s_3_hap,9,244
2482_s_3_hap,5,171
2483_s_3_hap,18,655
2484_s_3_hap,6,240
2485_s_3_sad,15,429
2486_s_3_neu,14,375
2487_s_3_sad,24,870
2488_s_3_sad,10,299
2489_s_3_sad,19,594
248_s_1_exc,25,630
2490_s_3_sad,8,237
2491_s_3_sad,6,309
2492_s_3_sad,19,656
2493_s_3_sad,45,1070
2494_s_3_sad,56,1485
2495_s_3_sad,14,611
2496_s_3_sad,33,1328
2497_s_3_sad,36,1112
2498_s_3_sad,30,1114
2499_s_3_sad,46,1422
249_s_1_neu,20,444
24_s_1_sad,8,293
2500_s_3_sad,80,1983
2501_s_3_sad,18,433
2502_s_3_sad,13,292
2503_s_3_sad,9,370
2504_s_3_hap,5,257
2505_s_3_hap,15,331
2506_s_3_sad,4,121
2507_s_3_ang,43,759
2508_s_3_sad,5,273
2509_s_3_sad,12,275
250_s_1_neu,24,306
2510_s_3_ang,31,659
2511_s_3_exc,29,847
2512_s_3_exc,14,336
2513_s_3_exc,46,952
2514_s_3_exc,26,819
2515_s_3_exc,36,704
2516_s_3_exc,34,751
2517_s_3_exc,23,542
2518_s_3_exc,19,414
2519_s_3_exc,9,367
251_s_1_exc,14,508
2520_s_3_exc,28,670
2521_s_3_exc,22,524
2522_s_3_exc,42,901
2523_s_3_exc,38,997
2524_s_3_exc,22,590
2525_s_3_neu,8,281
2526_s_3_neu,4,180
2527_s_3_neu,10,233
2528_s_3_exc,35,695
252_s_1_exc,38,1055
2530_s_3_neu,5,216
2531_s_3_exc,35,828
2532_s_3_exc,41,1099
2533_s_3_exc,41,1269
2535_s_3_exc,38,981
2536_s_3_exc,42,987
2537_s_3_neu,8,231
2538_s_3_neu,5,266
2539_s_3_ang,36,641
253_s_1_exc,9,357
2540_s_3_ang,36,751
2541_s_3_sad,12,513
2542_s_3_sad,8,320
2543_s_3_sad,9,370
2544_s_3_hap,20,672
2545_s_3_hap,17,637
2546_s_3_hap,11,632
2547_s_3_sad,17,598
2548_s_3_hap,18,521
2549_s_3_sad,10,315
254_s_1_neu,20,478
2550_s_3_sad,7,268
2551_s_3_sad,4,279
2552_s_3_sad,4,191
2553_s_3_sad,6,264
2554_s_3_ang,4,210
2555_s_3_ang,18,436
2556_s_3_sad,17,484
2557_s_3_sad,18,385
2558_s_3_sad,32,1224
2559_s_3_sad,8,224
255_s_1_hap,24,1314
2560_s_3_hap,21,807
2561_s_3_hap,10,385
2562_s_3_hap,10,373
2563_s_3_hap,10,370
2564_s_3_hap,11,467
2565_s_3_sad,9,300
2566_s_3_neu,9,320
2567_s_3_neu,24,780
2568_s_3_neu,10,332
2569_s_3_neu,10,368
256_s_1_neu,12,494
2570_s_3_ang,26,598
2571_s_3_hap,15,518
2572_s_3_hap,28,722
2573_s_3_hap,8,344
2574_s_3_hap,7,370
2575_s_3_neu,14,472
2576_s_3_neu,5,310
2577_s_3_hap,12,303
2578_s_3_hap,5,185
2579_s_3_neu,7,166
257_s_1_neu,14,449
2580_s_3_neu,9,225
2581_s_3_exc,12,370
2582_s_3_sad,12,282
2583_s_3_sad,24,510
2584_s_3_exc,32,860
2585_s_3_hap,19,436
2587_s_3_hap,26,582
2588_s_3_exc,14,453
2589_s_3_neu,15,438
258_s_1_neu,9,274
2590_s_3_neu,8,222
2591_s_3_exc,23,473
2592_s_3_exc,24,296
2593_s_3_exc,18,322
2594_s_3_exc,59,1828
2595_s_3_exc,11,446
2596_s_3_exc,13,256
2597_s_3_neu,13,345
2598_s_3_neu,8,242
2599_s_3_neu,10,214
259_s_1_ang,8,283
25_s_1_sad,20,572
2600_s_3_ang,8,190
2601_s_3_ang,4,138
2602_s_3_neu,24,554
2603_s_3_ang,8,141
2604_s_3_ang,34,635
2605_s_3_ang,18,379
2606_s_3_ang,6,240
2607_s_3_ang,16,364
2608_s_3_ang,29,663
2609_s_3_ang,28,556
260_s_1_ang,15,347
2610_s_3_ang,18,440
2611_s_3_ang,8,155
2612_s_3_ang,55,1074
2613_s_3_ang,13,392
2614_s_3_ang,19,508
2615_s_3_ang,15,396
2616_s_3_ang,18,569
2617_s_3_ang,12,267
2618_s_3_ang,6,183
2619_s_3_ang,14,369
261_s_1_ang,10,280
2620_s_3_neu,9,270
2621_s_3_neu,15,522
2622_s_3_neu,11,229
2623_s_3_neu,15,353
2624_s_3_ang,23,487
2625_s_3_ang,6,163
2626_s_3_ang,4,112
2627_s_3_ang,7,223
2628_s_3_ang,7,139
2629_s_3_ang,5,118
262_s_1_ang,42,978
2630_s_3_ang,14,468
2631_s_3_ang,20,474
2632_s_3_ang,31,769
2633_s_3_ang,11,238
2634_s_3_ang,31,706
2635_s_3_ang,11,265
2636_s_3_neu,12,238
2637_s_3_ang,6,150
2638_s_3_ang,13,390
2639_s_3_ang,6,249
263_s_1_ang,9,307
2640_s_3_ang,33,733
2641_s_3_ang,17,534
2642_s_3_ang,13,462
2643_s_3_ang,48,1104
2644_s_3_neu,8,333
2645_s_3_neu,24,387
2646_s_3_ang,14,472
2647_s_3_ang,30,670
2648_s_3_ang,16,331
2649_s_3_ang,15,376
264_s_1_neu,6,313
2650_s_3_ang,20,559
2651_s_3_ang,11,217
2652_s_3_ang,30,451
2653_s_3_ang,17,280
2654_s_3_ang,13,327
2655_s_3_ang,44,820
2656_s_3_ang,11,291
2657_s_3_ang,8,240
2658_s_3_hap,4,280
2659_s_3_hap,7,266
265_s_1_neu,10,335
2660_s_3_sad,9,262
2661_s_3_sad,12,346
2662_s_3_sad,18,380
2663_s_3_sad,8,284
2664_s_3_sad,13,347
2665_s_3_sad,19,629
2666_s_3_sad,7,276
2667_s_3_sad,27,620
2668_s_3_sad,9,278
2669_s_3_sad,27,690
266_s_1_neu,32,1119
2670_s_3_sad,17,475
2671_s_3_sad,40,1234
2672_s_3_sad,11,339
2673_s_3_sad,12,563
2674_s_3_sad,6,308
2675_s_3_sad,11,376
2676_s_3_sad,12,467
2677_s_3_sad,4,175
2678_s_3_sad,6,342
2679_s_3_sad,4,211
267_s_1_neu,7,187
2680_s_3_sad,6,300
2681_s_3_sad,11,464
2682_s_3_sad,10,455
2683_s_3_sad,4,207
2684_s_3_sad,11,276
2685_s_3_sad,4,228
2686_s_3_sad,13,326
2687_s_3_neu,25,687
2688_s_3_neu,29,590
2689_s_3_sad,10,316
268_s_1_neu,7,268
2690_s_3_sad,10,239
2691_s_3_sad,12,330
2692_s_3_sad,13,338
2693_s_3_sad,15,406
2694_s_3_sad,19,380
2695_s_3_sad,14,400
2696_s_3_sad,19,602
2697_s_3_sad,11,360
2698_s_3_sad,7,328
2699_s_3_exc,4,159
269_s_1_neu,30,879
26_s_1_neu,14,565
2700_s_3_exc,16,375
2701_s_3_exc,13,420
2702_s_3_exc,28,576
2703_s_3_exc,30,577
2704_s_3_exc,16,530
2705_s_3_hap,28,543
2706_s_3_neu,13,275
2707_s_3_hap,37,948
2708_s_3_hap,7,260
2709_s_3_neu,20,410
270_s_1_neu,11,262
2710_s_3_hap,10,358
2711_s_3_hap,9,235
2712_s_3_exc,50,829
2713_s_3_exc,15,403
2714_s_3_hap,6,211
2715_s_3_hap,19,371
2716_s_3_hap,11,231
2717_s_3_hap,7,260
2718_s_3_neu,24,414
2719_s_3_exc,4,254
271_s_1_neu,15,383
2720_s_3_exc,10,333
2721_s_3_exc,14,654
2722_s_3_exc,25,762
2723_s_3_exc,11,373
2724_s_3_exc,29,785
2725_s_3_hap,7,249
2726_s_3_exc,10,350
2727_s_3_hap,11,423
2728_s_3_hap,23,575
2729_s_3_hap,7,273
272_s_1_neu,5,198
2730_s_3_hap,15,337
2731_s_3_hap,20,575
2732_s_3_hap,4,246
2733_s_3_hap,30,791
2734_s_3_hap,27,900
2735_s_3_neu,9,429
2736_s_3_hap,13,539
2737_s_3_hap,12,300
2738_s_3_hap,37,1041
2739_s_3_hap,10,227
273_s_1_neu,12,335
2740_s_3_neu,9,216
2741_s_3_exc,15,342
2742_s_3_neu,16,546
2743_s_3_hap,24,512
2744_s_3_neu,18,348
2745_s_3_neu,13,171
2746_s_3_neu,10,228
2747_s_3_sad,4,159
2748_s_3_sad,4,125
2749_s_3_exc,9,219
274_s_1_neu,11,242
2750_s_3_neu,11,278
2751_s_3_neu,16,335
2752_s_3_neu,31,652
2753_s_3_neu,29,596
2754_s_3_neu,17,304
2755_s_3_neu,16,308
2756_s_3_neu,6,249
2757_s_3_neu,7,237
2758_s_3_sad,11,316
2759_s_3_ang,8,174
275_s_1_neu,15,293
2760_s_3_ang,13,294
2761_s_3_neu,13,192
2762_s_3_neu,12,296
2763_s_3_sad,4,152
2764_s_3_sad,9,153
2765_s_3_sad,7,166
2766_s_3_neu,5,233
2767_s_3_hap,23,556
2768_s_3_neu,8,180
2769_s_3_neu,20,337
276_s_1_ang,46,1025
2770_s_3_neu,26,488
2771_s_3_neu,9,169
2772_s_3_neu,26,449
2773_s_3_neu,13,253
2774_s_3_neu,10,281
2775_s_3_neu,7,179
2776_s_3_neu,25,664
2777_s_3_neu,6,121
2778_s_3_neu,28,607
2779_s_3_ang,20,386
277_s_1_neu,10,229
2780_s_3_neu,5,126
2781_s_3_neu,18,444
2782_s_3_neu,9,138
2783_s_3_neu,8,248
2784_s_3_ang,7,129
2785_s_3_ang,14,455
2786_s_3_ang,23,395
2787_s_3_ang,10,326
2788_s_3_ang,7,170
2789_s_3_ang,6,106
278_s_1_neu,36,975
2790_s_3_ang,4,106
2791_s_3_ang,11,211
2792_s_3_ang,4,188
2793_s_3_ang,10,196
2794_s_3_ang,11,319
2795_s_3_ang,28,548
2796_s_3_ang,18,509
2797_s_3_ang,4,152
2798_s_3_ang,12,413
2799_s_3_ang,14,311
279_s_1_neu,23,456
27_s_1_sad,14,577
2800_s_3_ang,24,608
2801_s_3_ang,9,271
2802_s_3_ang,8,187
2803_s_3_ang,17,379
2804_s_3_ang,4,131
2805_s_3_ang,10,242
2806_s_3_ang,11,251
2807_s_3_ang,30,614
2808_s_3_ang,8,232
2809_s_3_ang,9,344
280_s_1_neu,23,565
2810_s_3_ang,8,248
2811_s_3_exc,12,468
2812_s_3_neu,8,268
2813_s_3_neu,35,467
2814_s_3_neu,12,251
2815_s_3_neu,10,225
2816_s_3_neu,10,176
2817_s_3_neu,19,657
2818_s_3_neu,4,104
2819_s_3_neu,21,580
281_s_1_neu,8,261
2820_s_3_neu,12,272
2821_s_3_neu,12,240
2822_s_3_neu,25,410
2823_s_3_neu,18,672
2824_s_3_neu,18,398
2825_s_3_neu,9,380
2826_s_3_neu,9,211
2827_s_3_neu,12,303
2828_s_3_neu,37,864
2829_s_3_neu,7,191
282_s_1_neu,8,338
2830_s_3_neu,29,733
2831_s_3_neu,28,646
2832_s_3_neu,23,710
2833_s_3_neu,8,146
2834_s_3_neu,22,692
2835_s_3_neu,7,180
2836_s_3_neu,13,328
2837_s_3_neu,4,282
2838_s_3_neu,9,319
2839_s_3_ang,6,174
283_s_1_neu,13,409
2840_s_3_ang,33,702
2841_s_3_ang,25,682
2842_s_3_ang,18,448
2843_s_3_ang,13,274
2844_s_3_ang,13,372
2845_s_3_neu,7,196
2846_s_3_ang,14,397
2847_s_3_ang,7,173
2848_s_3_ang,12,248
2849_s_3_ang,17,430
284_s_1_neu,14,469
2850_s_3_ang,31,498
2851_s_3_ang,14,291
2852_s_3_ang,28,490
2853_s_3_ang,8,236
2854_s_3_ang,44,893
2855_s_3_ang,14,567
2856_s_3_ang,32,815
2857_s_3_ang,11,318
2858_s_3_sad,13,503
2859_s_3_sad,7,309
285_s_1_neu,21,896
2860_s_3_sad,5,357
2861_s_3_sad,4,260
2862_s_3_sad,9,338
2863_s_3_sad,7,384
2864_s_3_sad,10,623
2865_s_3_sad,5,214
2866_s_3_sad,6,309
2867_s_3_sad,24,839
2868_s_3_sad,9,389
2869_s_3_sad,5,231
286_s_1_neu,18,782
2870_s_3_sad,25,720
2871_s_3_sad,4,216
2872_s_3_sad,7,216
2873_s_3_sad,22,691
2874_s_3_sad,7,335
2875_s_3_sad,4,202
2876_s_3_sad,8,297
2877_s_3_sad,7,399
2878_s_3_sad,5,306
2879_s_3_sad,5,275
287_s_1_neu,15,328
2880_s_3_sad,4,304
2881_s_3_sad,13,425
2882_s_3_sad,10,423
2883_s_3_sad,13,440
2884_s_3_sad,14,452
2885_s_3_sad,4,287
2886_s_3_sad,19,786
2887_s_3_sad,9,550
2888_s_3_sad,14,598
2889_s_3_sad,19,533
288_s_1_neu,14,451
2890_s_3_sad,8,314
2891_s_3_sad,12,343
2892_s_3_sad,8,314
2893_s_3_sad,13,486
2894_s_3_sad,11,464
2895_s_3_sad,16,494
2896_s_3_sad,10,494
2897_s_3_sad,15,834
2898_s_3_sad,11,399
2899_s_3_sad,20,499
289_s_1_neu,11,488
28_s_1_sad,5,256
2900_s_3_sad,11,304
2901_s_3_sad,8,316
2902_s_3_sad,6,258
2903_s_3_sad,10,440
2904_s_3_sad,40,946
2905_s_3_sad,10,521
2906_s_3_sad,10,399
2907_s_3_sad,9,384
2908_s_3_sad,8,214
2909_s_3_sad,8,253
290_s_1_neu,7,288
2910_s_3_sad,11,223
2911_s_3_hap,19,253
2912_s_3_hap,8,196
2913_s_3_exc,34,644
2914_s_3_exc,12,244
2915_s_3_hap,14,244
2916_s_3_exc,35,683
2917_s_3_hap,5,155
2918_s_3_hap,18,407
2919_s_3_hap,5,160
291_s_1_neu,20,627
2920_s_3_hap,40,801
2921_s_3_hap,8,277
2922_s_3_exc,15,390
2923_s_3_hap,24,436
2924_s_3_exc,11,340
2925_s_3_hap,9,234
2926_s_3_neu,14,329
2927_s_3_exc,13,458
2928_s_3_exc,9,386
2929_s_3_exc,4,137
292_s_1_neu,20,706
2930_s_3_exc,7,189
2931_s_3_exc,8,281
2932_s_3_exc,4,58
2933_s_3_exc,16,392
2934_s_3_neu,7,150
2935_s_3_exc,5,168
2936_s_3_exc,12,305
2937_s_3_exc,52,820
2938_s_3_hap,30,637
2939_s_3_exc,17,396
293_s_1_hap,7,140
2940_s_3_exc,4,177
2941_s_3_exc,18,368
2942_s_3_exc,33,761
2943_s_3_exc,4,159
2944_s_3_exc,21,540
2945_s_3_exc,12,381
2946_s_3_exc,29,516
2947_s_3_exc,18,249
2948_s_3_hap,40,865
2949_s_3_neu,7,303
294_s_1_hap,7,277
2950_s_3_ang,45,761
2951_s_3_ang,9,280
2952_s_3_ang,25,497
2953_s_3_ang,26,437
2954_s_3_ang,44,775
2955_s_3_ang,8,215
2956_s_3_neu,19,487
2957_s_3_neu,16,317
2958_s_3_neu,28,784
2959_s_3_neu,10,335
295_s_1_hap,7,514
2960_s_3_neu,19,546
2961_s_3_neu,9,278
2962_s_3_neu,30,891
2963_s_3_neu,9,268
2964_s_3_neu,30,457
2965_s_3_neu,10,276
2966_s_3_neu,28,566
2967_s_3_neu,31,838
2968_s_3_neu,20,621
2969_s_3_neu,30,603
296_s_1_hap,5,180
2970_s_3_neu,6,217
2971_s_3_neu,23,422
2972_s_3_neu,40,982
2973_s_3_neu,17,489
2974_s_3_neu,31,731
2975_s_3_neu,15,427
2976_s_3_neu,17,398
2977_s_3_neu,6,323
2978_s_3_neu,7,366
2979_s_3_neu,6,266
297_s_1_neu,15,491
2980_s_3_neu,29,721
2981_s_3_ang,12,236
2982_s_3_ang,36,653
2983_s_3_neu,17,479
2984_s_3_neu,4,135
2985_s_3_neu,5,266
2986_s_3_neu,4,240
2987_s_3_neu,34,779
2988_s_3_neu,17,416
2989_s_3_neu,14,351
298_s_1_neu,10,360
2990_s_3_neu,18,431
2991_s_3_neu,35,1090
2992_s_3_neu,8,252
2993_s_3_neu,20,583
2994_s_3_neu,16,566
2995_s_3_neu,18,800
2996_s_3_neu,23,916
2997_s_3_neu,22,719
2998_s_3_neu,15,617
2999_s_3_neu,18,438
299_s_1_neu,8,298
29_s_1_neu,14,421
2_s_1_ang,10,375
3000_s_3_neu,33,728
3001_s_3_neu,12,268
3002_s_3_neu,21,339
3003_s_3_neu,24,587
3004_s_3_neu,8,291
3005_s_3_neu,52,1068
3006_s_3_neu,8,221
3007_s_3_neu,15,309
3008_s_3_neu,13,449
3009_s_3_neu,22,516
300_s_1_hap,6,217
3010_s_3_sad,8,232
3011_s_3_sad,6,196
3012_s_3_sad,28,577
3013_s_3_ang,37,882
3014_s_3_ang,4,214
3015_s_3_ang,25,428
3016_s_3_neu,18,472
3017_s_3_neu,8,300
3018_s_3_neu,21,533
3019_s_3_ang,25,483
301_s_1_hap,8,277
3020_s_3_sad,13,455
3021_s_3_ang,33,687
3022_s_3_sad,10,328
3023_s_3_sad,10,356
3024_s_3_sad,6,321
3025_s_3_sad,10,265
3026_s_3_sad,27,925
3027_s_3_sad,24,595
3028_s_3_sad,17,555
3029_s_3_sad,11,239
302_s_1_hap,33,747
3030_s_3_sad,7,267
3031_s_3_sad,23,632
3032_s_3_ang,32,878
3033_s_3_ang,64,1357
3034_s_3_ang,13,311
3035_s_3_neu,12,376
3036_s_3_neu,11,330
3037_s_3_neu,19,325
3038_s_3_ang,46,1197
3039_s_3_ang,8,203
303_s_1_hap,9,275
3040_s_3_neu,10,305
3041_s_3_neu,12,228
3042_s_3_sad,19,485
3043_s_3_neu,22,596
3044_s_3_sad,35,1100
3045_s_3_neu,15,347
3046_s_3_neu,20,554
3047_s_3_ang,22,582
3048_s_3_ang,9,399
3049_s_3_ang,66,1446
304_s_1_neu,15,537
3050_s_3_neu,10,360
3051_s_3_sad,13,359
3052_s_3_sad,8,351
3053_s_3_sad,15,437
3054_s_3_ang,9,248
3055_s_3_ang,23,540
3056_s_3_ang,16,423
3057_s_3_ang,13,492
3058_s_3_sad,15,516
3059_s_3_sad,18,655
305_s_1_neu,6,253
3060_s_3_ang,31,902
3061_s_3_ang,55,1402
3062_s_3_sad,40,1057
3063_s_3_sad,8,170
3064_s_3_neu,13,301
3065_s_3_neu,10,373
3066_s_3_neu,7,183
3067_s_3_neu,15,336
3068_s_3_ang,28,843
3069_s_3_ang,14,357
306_s_1_neu,5,223
3070_s_3_ang,10,221
3071_s_3_ang,23,599
3072_s_3_sad,19,617
3073_s_3_sad,4,296
3074_s_3_sad,24,767
3075_s_3_sad,16,619
3076_s_3_hap,4,200
3077_s_3_hap,10,290
3078_s_3_hap,16,367
3079_s_3_hap,12,353
307_s_1_sad,7,260
3080_s_3_hap,8,287
3081_s_3_hap,6,239
3082_s_3_hap,27,713
3083_s_3_hap,9,366
3084_s_3_hap,10,233
3085_s_3_hap,31,652
3086_s_3_hap,9,396
3087_s_3_sad,5,220
3088_s_3_sad,5,231
3089_s_3_sad,9,340
308_s_1_neu,7,156
3090_s_3_sad,53,1282
3091_s_3_hap,12,394
3092_s_3_neu,9,333
3093_s_3_neu,4,226
3094_s_3_hap,15,583
3095_s_3_hap,6,239
3096_s_3_hap,9,271
3097_s_3_hap,12,612
3098_s_3_exc,17,739
3099_s_3_hap,19,604
309_s_1_hap,10,349
30_s_1_sad,10,388
3100_s_3_sad,21,689
3101_s_3_sad,13,551
3102_s_3_sad,7,266
3103_s_3_sad,6,250
3104_s_3_sad,18,558
3105_s_3_sad,42,1192
3106_s_3_sad,37,1010
3107_s_3_sad,42,1165
3108_s_3_sad,18,778
3109_s_3_sad,39,1082
310_s_1_neu,18,458
3110_s_3_sad,34,1267
3111_s_3_sad,32,1188
3112_s_3_sad,34,966
3113_s_3_sad,17,634
3114_s_3_sad,53,1238
3115_s_3_sad,15,478
3116_s_3_sad,19,693
3117_s_3_hap,14,364
3118_s_3_hap,6,200
3119_s_3_neu,4,196
311_s_1_neu,9,280
3120_s_3_neu,7,227
3121_s_3_exc,26,959
3122_s_3_exc,18,511
3123_s_3_exc,39,1032
3124_s_3_exc,23,775
3125_s_3_exc,35,603
3126_s_3_exc,32,729
3127_s_3_exc,34,788
3128_s_3_exc,50,1202
3129_s_3_exc,24,577
312_s_1_neu,4,232
3130_s_3_neu,8,287
3131_s_3_exc,62,1424
3132_s_3_exc,35,1215
3133_s_3_exc,22,628
3134_s_3_exc,6,224
3135_s_3_exc,55,1464
3136_s_3_exc,14,315
3137_s_3_exc,24,560
3138_s_3_exc,24,592
3139_s_3_exc,46,1249
313_s_1_neu,4,230
3140_s_3_exc,79,1842
3141_s_3_exc,44,1120
3142_s_3_exc,22,676
3143_s_3_exc,21,537
3144_s_3_exc,13,330
3145_s_3_exc,8,280
3146_s_3_ang,5,227
3147_s_3_ang,6,217
3148_s_3_ang,28,722
3149_s_3_ang,47,1150
314_s_1_neu,35,928
3150_s_3_ang,16,330
3151_s_3_ang,19,448
3152_s_3_ang,37,626
3153_s_3_ang,30,870
3154_s_3_ang,22,562
3155_s_3_sad,8,373
3156_s_3_sad,9,357
3157_s_3_sad,8,364
3158_s_3_sad,4,207
3159_s_3_ang,17,442
315_s_1_hap,12,751
3160_s_3_ang,14,571
3161_s_3_sad,38,1136
3162_s_3_sad,20,571
3163_s_3_sad,12,444
3164_s_3_sad,8,227
3165_s_3_sad,17,599
3166_s_3_sad,30,1011
3167_s_3_sad,16,847
3168_s_3_hap,18,437
3169_s_3_hap,8,317
316_s_1_hap,19,844
3170_s_3_hap,13,553
3171_s_3_hap,14,480
3172_s_3_hap,8,271
3173_s_3_hap,5,480
3174_s_3_exc,8,274
3175_s_3_neu,11,578
3176_s_3_neu,41,1052
3177_s_3_neu,12,471
3178_s_3_neu,22,610
3179_s_3_neu,22,882
317_s_1_hap,45,1125
3180_s_3_neu,19,203
3181_s_3_ang,8,314
3182_s_3_ang,42,995
3183_s_3_ang,59,1487
3184_s_3_ang,37,883
3185_s_3_ang,6,230
3186_s_3_ang,4,191
3187_s_3_sad,11,366
3188_s_3_sad,16,483
3189_s_3_hap,16,322
318_s_1_hap,10,296
3190_s_3_hap,10,405
3191_s_3_hap,16,612
3192_s_3_hap,5,273
3193_s_3_exc,7,215
3194_s_3_exc,18,306
3195_s_3_exc,10,464
3196_s_3_exc,8,179
3197_s_3_sad,7,196
3198_s_3_exc,8,172
3199_s_3_exc,7,185
319_s_1_hap,6,188
31_s_1_sad,10,425
3200_s_3_neu,10,225
3201_s_3_neu,15,332
3202_s_3_ang,12,309
3203_s_3_neu,19,437
3204_s_3_neu,10,326
3205_s_3_neu,25,442
3206_s_3_ang,19,365
3207_s_3_ang,20,445
3208_s_3_neu,10,309
3209_s_3_ang,4,169
320_s_1_hap,7,206
3210_s_3_neu,11,404
3211_s_3_neu,22,551
3212_s_3_ang,11,258
3213_s_3_ang,5,179
3214_s_3_ang,6,231
3215_s_3_ang,19,400
3216_s_3_ang,10,174
3217_s_3_ang,22,682
3218_s_3_ang,5,190
3219_s_3_ang,20,431
321_s_1_hap,22,563
3220_s_3_neu,8,212
3221_s_3_ang,19,616
3222_s_3_ang,15,467
3223_s_3_ang,14,368
3224_s_3_ang,23,981
3225_s_3_ang,24,695
3226_s_3_ang,18,415
3227_s_3_ang,61,1405
3228_s_3_ang,23,495
3229_s_3_neu,17,588
322_s_1_hap,6,230
3230_s_3_ang,16,359
3231_s_3_ang,12,308
3232_s_3_ang,17,389
3233_s_3_ang,7,265
3234_s_3_ang,15,306
3235_s_3_ang,13,292
3236_s_3_neu,8,188
3237_s_3_neu,10,234
3238_s_3_ang,15,418
3239_s_3_ang,13,522
323_s_1_sad,21,356
3240_s_3_ang,23,495
3241_s_3_neu,8,318
3242_s_3_neu,6,209
3243_s_3_neu,5,265
3244_s_3_ang,11,240
3245_s_3_ang,35,911
3246_s_3_ang,28,851
3247_s_3_ang,21,543
3248_s_3_ang,12,434
3249_s_3_ang,8,274
324_s_1_sad,12,282
3250_s_3_ang,10,266
3251_s_3_ang,16,404
3252_s_3_ang,9,399
3253_s_3_ang,6,294
3254_s_3_ang,31,1132
3255_s_3_ang,13,314
3256_s_3_ang,6,195
3257_s_3_ang,50,1205
3258_s_3_ang,4,176
3259_s_4_sad,8,236
325_s_1_sad,18,757
3260_s_4_ang,13,234
3261_s_4_ang,10,177
3262_s_4_ang,16,306
3263_s_4_ang,36,825
3264_s_4_ang,28,648
3265_s_4_neu,11,269
3266_s_4_ang,21,365
3267_s_4_ang,17,447
3268_s_4_ang,23,553
3269_s_4_ang,45,871
326_s_1_sad,11,369
3270_s_4_neu,17,353
3271_s_4_ang,13,267
3272_s_4_ang,34,828
3273_s_4_ang,32,794
3274_s_4_ang,6,254
3275_s_4_ang,16,343
3276_s_4_ang,7,244
3277_s_4_ang,9,441
3278_s_4_ang,23,537
3279_s_4_ang,14,370
327_s_1_sad,29,823
3280_s_4_ang,10,357
3281_s_4_neu,6,180
3282_s_4_sad,15,454
3283_s_4_sad,14,353
3284_s_4_ang,31,647
3285_s_4_ang,25,532
3286_s_4_ang,11,189
3287_s_4_ang,22,539
3288_s_4_neu,6,211
3289_s_4_neu,12,324
328_s_1_sad,7,321
3290_s_4_ang,10,311
3291_s_4_ang,35,630
3292_s_4_ang,16,404
3293_s_4_ang,7,249
3294_s_4_sad,10,293
3295_s_4_ang,22,439
3296_s_4_ang,11,226
3297_s_4_ang,6,172
3298_s_4_sad,27,726
3299_s_4_ang,24,613
329_s_1_sad,6,222
32_s_1_sad,9,303
3300_s_4_ang,12,263
3301_s_4_ang,12,301
3302_s_4_ang,14,410
3303_s_4_ang,24,701
3304_s_4_ang,39,678
3305_s_4_ang,26,578
3306_s_4_ang,59,1003
3307_s_4_ang,20,445
3308_s_4_ang,8,204
3309_s_4_ang,25,360
330_s_1_sad,22,1106
3310_s_4_ang,29,697
3311_s_4_ang,11,171
3312_s_4_ang,20,340
3313_s_4_ang,12,256
3314_s_4_ang,26,498
3315_s_4_ang,9,272
3316_s_4_ang,9,252
3317_s_4_ang,20,425
3318_s_4_sad,9,361
3319_s_4_sad,5,276
331_s_1_sad,67,2085
3320_s_4_sad,27,1023
3321_s_4_sad,17,548
3322_s_4_sad,21,397
3323_s_4_sad,11,313
3324_s_4_sad,29,729
3325_s_4_sad,19,952
3326_s_4_sad,9,256
3327_s_4_ang,29,497
3328_s_4_ang,6,270
3329_s_4_ang,8,237
332_s_1_sad,35,1521
3330_s_4_ang,11,264
3331_s_4_sad,35,950
3332_s_4_sad,4,153
3333_s_4_sad,8,428
3334_s_4_sad,10,412
3335_s_4_sad,26,865
3336_s_4_sad,18,694
3337_s_4_ang,14,292
3338_s_4_ang,36,881
3339_s_4_ang,31,671
333_s_1_sad,32,1332
3340_s_4_sad,24,684
3341_s_4_sad,14,379
3342_s_4_sad,28,973
3343_s_4_exc,9,290
3344_s_4_exc,15,419
3345_s_4_exc,4,152
3346_s_4_exc,15,353
3347_s_4_exc,9,180
3348_s_4_exc,10,163
3349_s_4_exc,10,240
334_s_1_sad,46,1809
3350_s_4_exc,40,1093
3351_s_4_exc,21,318
3352_s_4_hap,44,950
3353_s_4_exc,5,144
3354_s_4_hap,10,193
3355_s_4_exc,24,530
3356_s_4_exc,20,360
3357_s_4_exc,20,516
3358_s_4_exc,4,166
3359_s_4_exc,4,125
335_s_1_sad,17,1068
3360_s_4_exc,28,682
3361_s_4_exc,21,530
3362_s_4_exc,4,106
3363_s_4_exc,26,397
3364_s_4_exc,6,145
3365_s_4_exc,5,162
3366_s_4_exc,9,399
3367_s_4_exc,22,463
3368_s_4_exc,13,275
3369_s_4_exc,15,315
336_s_1_neu,10,306
3370_s_4_exc,9,207
3371_s_4_exc,5,206
3372_s_4_exc,28,608
3373_s_4_exc,16,369
3374_s_4_exc,5,137
3375_s_4_neu,10,292
3376_s_4_neu,19,668
3377_s_4_exc,8,252
3378_s_4_exc,4,168
3379_s_4_exc,8,174
337_s_1_neu,4,207
3380_s_4_exc,10,257
3381_s_4_neu,7,146
3382_s_4_neu,11,267
3383_s_4_neu,33,878
3384_s_4_neu,11,279
3385_s_4_neu,13,278
3386_s_4_neu,4,121
3387_s_4_neu,10,219
3388_s_4_neu,13,315
3389_s_4_neu,4,98
338_s_1_neu,8,218
3390_s_4_neu,31,863
3391_s_4_neu,41,1064
3392_s_4_neu,9,363
3393_s_4_neu,23,316
3394_s_4_exc,23,422
3395_s_4_exc,9,351
3396_s_4_exc,15,331
3397_s_4_exc,22,442
3398_s_4_exc,21,491
3399_s_4_exc,9,242
339_s_1_ang,13,297
33_s_1_sad,10,612
3400_s_4_exc,17,493
3401_s_4_exc,12,201
3402_s_4_neu,34,598
3403_s_4_neu,6,381
3404_s_4_ang,25,516
3405_s_4_ang,17,366
3406_s_4_ang,59,1300
3407_s_4_ang,11,288
3408_s_4_ang,33,708
3409_s_4_ang,11,196
340_s_1_ang,11,182
3410_s_4_ang,27,591
3411_s_4_ang,8,206
3412_s_4_ang,18,364
3413_s_4_ang,36,690
3414_s_4_ang,12,413
3415_s_4_ang,20,618
3416_s_4_ang,14,361
3417_s_4_neu,12,307
3418_s_4_neu,16,567
3419_s_4_neu,17,447
341_s_1_neu,4,137
3420_s_4_neu,7,189
3421_s_4_neu,13,251
3422_s_4_neu,12,307
3423_s_4_neu,8,193
3424_s_4_neu,28,471
3425_s_4_neu,38,691
3426_s_4_neu,24,381
3427_s_4_neu,9,203
3428_s_4_neu,18,268
3429_s_4_neu,13,367
342_s_1_hap,7,178
3430_s_4_neu,22,586
3431_s_4_neu,23,704
3432_s_4_neu,16,479
3433_s_4_neu,34,411
3434_s_4_neu,23,529
3435_s_4_neu,13,603
3436_s_4_neu,30,677
3437_s_4_neu,24,477
3438_s_4_neu,14,283
3439_s_4_neu,15,295
343_s_1_sad,6,192
3440_s_4_neu,9,226
3441_s_4_neu,9,226
3442_s_4_ang,11,221
3443_s_4_ang,18,340
3444_s_4_ang,41,842
3445_s_4_ang,15,332
3446_s_4_ang,106,2314
3447_s_4_ang,14,436
3448_s_4_ang,73,1661
3449_s_4_ang,28,966
344_s_1_neu,5,232
3450_s_4_ang,22,557
3451_s_4_ang,28,587
3452_s_4_ang,64,967
3453_s_4_ang,10,199
3454_s_4_ang,30,556
3455_s_4_ang,17,304
3456_s_4_ang,39,924
3457_s_4_sad,4,201
3458_s_4_sad,38,1200
3459_s_4_sad,52,2218
345_s_1_neu,7,261
3460_s_4_sad,10,195
3461_s_4_sad,45,1591
3462_s_4_sad,71,1529
3463_s_4_sad,9,295
3464_s_4_sad,8,292
3465_s_4_hap,38,818
3466_s_4_hap,14,305
3467_s_4_sad,7,186
3468_s_4_sad,37,1201
3469_s_4_sad,84,2436
346_s_1_neu,5,247
3470_s_4_sad,27,888
3471_s_4_sad,4,165
3472_s_4_neu,21,676
3473_s_4_sad,20,402
3474_s_4_neu,27,416
3475_s_4_neu,24,695
3476_s_4_sad,4,232
3477_s_4_sad,33,1217
3478_s_4_sad,5,232
3479_s_4_sad,23,724
347_s_1_exc,11,304
3480_s_4_neu,4,124
3481_s_4_sad,48,1518
3482_s_4_sad,4,177
3483_s_4_exc,8,213
3484_s_4_exc,6,206
3485_s_4_exc,9,162
3486_s_4_exc,7,144
3487_s_4_exc,16,279
3488_s_4_exc,22,459
3489_s_4_exc,10,244
348_s_1_neu,19,353
3490_s_4_exc,13,298
3491_s_4_exc,13,229
3492_s_4_exc,12,238
3493_s_4_exc,21,437
3494_s_4_exc,9,182
3495_s_4_exc,20,395
3496_s_4_exc,14,246
3497_s_4_exc,11,567
3498_s_4_exc,16,250
3499_s_4_exc,26,456
349_s_1_neu,7,155
34_s_1_sad,16,740
3500_s_4_exc,11,284
3501_s_4_exc,19,421
3502_s_4_exc,21,420
3503_s_4_exc,17,345
3504_s_4_exc,38,665
3505_s_4_exc,7,209
3506_s_4_exc,12,230
3507_s_4_exc,15,262
3508_s_4_exc,23,462
3509_s_4_exc,11,231
350_s_1_neu,11,172
3510_s_4_exc,9,210
3511_s_4_exc,5,147
3512_s_4_exc,11,228
3513_s_4_exc,7,105
3514_s_4_exc,10,271
3515_s_4_exc,7,315
3516_s_4_exc,11,297
3517_s_4_exc,11,267
3518_s_4_exc,4,149
3519_s_4_exc,4,145
351_s_1_neu,4,113
3520_s_4_exc,5,145
3521_s_4_exc,21,411
3522_s_4_exc,32,604
3523_s_4_exc,14,245
3524_s_4_exc,20,364
3525_s_4_exc,11,263
3526_s_4_exc,20,531
3527_s_4_exc,13,178
3528_s_4_exc,4,124
3529_s_4_exc,5,180
352_s_1_neu,22,672
3530_s_4_exc,10,140
3531_s_4_exc,8,263
3532_s_4_exc,7,185
3533_s_4_exc,7,114
3534_s_4_exc,46,965
3535_s_4_exc,11,351
3536_s_4_exc,47,1018
3537_s_4_exc,18,306
3538_s_4_exc,4,113
3539_s_4_neu,8,287
353_s_1_neu,24,398
3540_s_4_exc,4,136
3541_s_4_exc,9,271
3542_s_4_exc,9,285
3543_s_4_neu,25,475
3544_s_4_neu,21,335
3545_s_4_neu,9,211
3546_s_4_neu,13,353
3547_s_4_neu,9,175
3548_s_4_neu,7,164
3549_s_4_neu,8,144
354_s_1_neu,34,1048
3550_s_4_neu,43,825
3551_s_4_neu,6,177
3552_s_4_neu,10,157
3553_s_4_neu,27,619
3554_s_4_exc,6,104
3555_s_4_neu,19,279
3556_s_4_neu,8,281
3557_s_4_neu,6,104
3558_s_4_exc,25,448
3559_s_4_neu,26,451
355_s_1_neu,37,670
3560_s_4_exc,30,435
3561_s_4_exc,50,830
3562_s_4_exc,19,645
3563_s_4_exc,40,885
3564_s_4_exc,6,139
3565_s_4_exc,10,212
3566_s_4_exc,14,306
3567_s_4_exc,33,734
3568_s_4_neu,13,272
3569_s_4_exc,22,314
356_s_1_exc,33,576
3570_s_4_exc,16,236
3571_s_4_exc,10,466
3572_s_4_exc,22,699
3573_s_4_neu,11,329
3574_s_4_neu,6,154
3575_s_4_neu,32,407
3576_s_4_neu,5,278
3577_s_4_neu,7,220
3578_s_4_neu,16,566
3579_s_4_neu,11,277
357_s_1_neu,4,189
3580_s_4_neu,6,123
3581_s_4_neu,6,149
3582_s_4_neu,11,160
3583_s_4_neu,15,204
3584_s_4_exc,6,131
3585_s_4_neu,23,542
3586_s_4_neu,9,284
3587_s_4_neu,4,122
3588_s_4_neu,20,385
3589_s_4_neu,20,481
358_s_1_neu,11,221
3590_s_4_neu,19,490
3591_s_4_neu,42,841
3592_s_4_neu,13,255
3593_s_4_hap,19,390
3594_s_4_neu,28,630
3595_s_4_neu,12,238
3596_s_4_neu,22,596
3597_s_4_neu,13,461
3598_s_4_neu,12,295
3599_s_4_neu,62,1397
359_s_1_neu,5,193
35_s_1_sad,8,358
3600_s_4_neu,28,750
3601_s_4_ang,11,239
3602_s_4_neu,14,565
3603_s_4_neu,20,598
3604_s_4_ang,36,864
3605_s_4_ang,34,623
3606_s_4_ang,59,1155
3607_s_4_ang,29,658
3608_s_4_ang,23,389
3609_s_4_ang,13,288
360_s_1_neu,50,1286
3610_s_4_ang,34,738
3611_s_4_ang,10,295
3612_s_4_ang,24,656
3613_s_4_ang,23,393
3614_s_4_ang,8,258
3615_s_4_ang,15,304
3616_s_4_ang,10,317
3617_s_4_ang,6,319
3618_s_4_ang,17,371
3619_s_4_ang,24,528
361_s_1_neu,42,1309
3620_s_4_ang,16,465
3621_s_4_ang,20,557
3622_s_4_ang,26,876
3623_s_4_neu,8,204
3624_s_4_neu,14,387
3625_s_4_neu,13,278
3626_s_4_neu,17,995
3627_s_4_neu,9,234
3628_s_4_ang,21,564
3629_s_4_hap,10,299
362_s_1_neu,22,515
3630_s_4_hap,14,411
3631_s_4_hap,8,265
3632_s_4_hap,6,256
3633_s_4_hap,37,861
3634_s_4_hap,35,751
3635_s_4_neu,6,239
3636_s_4_sad,5,216
3637_s_4_hap,10,289
3638_s_4_ang,4,117
3639_s_4_neu,15,469
363_s_1_neu,37,737
3640_s_4_hap,21,845
3641_s_4_hap,15,771
3642_s_4_hap,21,484
3643_s_4_neu,13,327
3644_s_4_hap,19,516
3645_s_4_hap,20,555
3646_s_4_hap,22,377
3647_s_4_sad,8,339
3648_s_4_sad,17,757
3649_s_4_sad,10,538
364_s_1_neu,31,701
3650_s_4_sad,13,365
3651_s_4_sad,7,366
3652_s_4_sad,6,235
3653_s_4_sad,19,744
3654_s_4_sad,29,1016
3655_s_4_sad,25,852
3656_s_4_sad,34,864
3657_s_4_sad,33,982
3658_s_4_sad,15,567
3659_s_4_sad,12,415
365_s_1_neu,36,665
3660_s_4_sad,11,438
3661_s_4_sad,23,843
3662_s_4_sad,28,780
3663_s_4_sad,41,922
3664_s_4_sad,28,726
3665_s_4_sad,8,352
3666_s_4_hap,16,413
3667_s_4_neu,4,159
3668_s_4_ang,11,230
3669_s_4_ang,11,262
366_s_1_neu,13,227
3670_s_4_ang,12,281
3671_s_4_ang,28,787
3672_s_4_ang,34,810
3673_s_4_ang,7,183
3674_s_4_ang,4,200
3675_s_4_ang,12,232
3676_s_4_ang,5,168
3677_s_4_ang,6,189
3678_s_4_hap,41,684
3679_s_4_exc,22,504
367_s_1_neu,32,554
3680_s_4_exc,36,840
3681_s_4_neu,24,766
3682_s_4_hap,39,636
3683_s_4_neu,8,233
3684_s_4_exc,42,760
3685_s_4_exc,18,388
3686_s_4_exc,32,879
3687_s_4_ang,19,398
3688_s_4_exc,40,775
3689_s_4_exc,41,800
368_s_1_exc,24,732
3690_s_4_exc,47,954
3691_s_4_exc,50,1186
3692_s_4_exc,17,458
3693_s_4_exc,19,515
3694_s_4_exc,39,1010
3695_s_4_exc,13,525
3696_s_4_exc,19,438
3697_s_4_ang,27,733
3698_s_4_ang,36,818
3699_s_4_ang,17,450
369_s_1_hap,27,827
36_s_1_neu,9,219
3700_s_4_ang,13,382
3701_s_4_neu,8,419
3702_s_4_ang,20,386
3703_s_4_ang,13,347
3704_s_4_ang,14,338
3705_s_4_ang,10,286
3706_s_4_sad,32,954
3707_s_4_sad,24,778
3708_s_4_sad,28,571
3709_s_4_sad,27,970
370_s_1_exc,46,1462
3710_s_4_sad,16,383
3711_s_4_sad,20,559
3712_s_4_neu,4,162
3713_s_4_sad,4,126
3714_s_4_ang,4,135
3715_s_4_ang,16,369
3716_s_4_ang,24,564
3717_s_4_sad,49,1362
3718_s_4_sad,18,368
3719_s_4_hap,23,784
371_s_1_exc,21,741
3720_s_4_hap,11,329
3721_s_4_hap,12,331
3722_s_4_hap,30,1002
3723_s_4_neu,10,295
3724_s_4_neu,12,184
3725_s_4_neu,43,1200
3726_s_4_exc,26,429
3727_s_4_neu,10,193
3728_s_4_sad,11,303
3729_s_4_sad,19,582
372_s_1_hap,8,294
3730_s_4_neu,14,370
3731_s_4_neu,17,573
3732_s_4_exc,10,409
3733_s_4_neu,7,198
3734_s_4_exc,14,455
3735_s_4_exc,8,204
3736_s_4_exc,12,254
3737_s_4_exc,13,268
3738_s_4_exc,13,289
3739_s_4_neu,6,145
373_s_1_hap,14,368
3740_s_4_exc,20,529
3741_s_4_neu,20,443
3742_s_4_exc,32,736
3743_s_4_exc,6,192
3744_s_4_exc,21,518
3745_s_4_exc,35,543
3746_s_4_exc,15,398
3747_s_4_exc,22,564
3748_s_4_exc,12,379
3749_s_4_exc,8,204
374_s_1_neu,7,247
3750_s_4_exc,14,336
3751_s_4_exc,9,174
3752_s_4_exc,22,407
3753_s_4_neu,10,208
3754_s_4_neu,6,385
3755_s_4_neu,11,248
3756_s_4_neu,19,503
3757_s_4_neu,11,189
3758_s_4_neu,9,187
3759_s_4_neu,21,532
375_s_1_neu,5,187
3760_s_4_ang,6,185
3761_s_4_ang,10,243
3762_s_4_ang,10,184
3763_s_4_ang,4,114
3764_s_4_ang,14,347
3765_s_4_ang,10,230
3766_s_4_ang,5,132
3767_s_4_ang,34,646
3768_s_4_ang,10,264
3769_s_4_ang,7,194
376_s_1_ang,29,629
3770_s_4_ang,19,394
3771_s_4_ang,9,305
3772_s_4_ang,24,518
3773_s_4_ang,7,217
3774_s_4_ang,18,388
3775_s_4_ang,4,273
3776_s_4_ang,16,328
3777_s_4_ang,16,351
3778_s_4_ang,15,349
3779_s_4_ang,13,321
377_s_1_ang,20,599
3780_s_4_ang,25,568
3781_s_4_ang,4,139
3782_s_4_ang,28,610
3783_s_4_ang,14,268
3784_s_4_ang,6,198
3785_s_4_ang,13,286
3786_s_4_ang,37,659
3787_s_4_ang,21,571
3788_s_4_neu,19,417
3789_s_4_ang,16,417
378_s_1_ang,15,420
3790_s_4_ang,16,330
3791_s_4_ang,14,228
3792_s_4_ang,6,197
3793_s_4_ang,6,168
3794_s_4_ang,14,241
3795_s_4_neu,11,233
3796_s_4_ang,6,164
3797_s_4_ang,4,182
3798_s_4_ang,8,348
3799_s_4_neu,14,292
379_s_1_ang,15,361
37_s_1_sad,27,665
3800_s_4_ang,10,240
3801_s_4_ang,10,353
3802_s_4_ang,9,241
3803_s_4_ang,11,312
3804_s_4_ang,13,229
3805_s_4_ang,7,135
3806_s_4_ang,5,230
3807_s_4_ang,29,663
3808_s_4_ang,9,278
3809_s_4_ang,6,132
380_s_1_sad,31,1049
3810_s_4_ang,27,488
3811_s_4_ang,34,740
3812_s_4_neu,10,224
3813_s_4_neu,16,281
3814_s_4_neu,16,515
3815_s_4_neu,16,326
3816_s_4_ang,23,441
3817_s_4_ang,29,443
3818_s_4_ang,14,400
3819_s_4_neu,44,1133
381_s_1_ang,13,317
3820_s_4_neu,7,132
3821_s_4_ang,8,177
3822_s_4_ang,26,402
3823_s_4_sad,26,659
3824_s_4_sad,7,240
3825_s_4_ang,18,495
3826_s_4_sad,11,362
3827_s_4_neu,18,388
3828_s_4_exc,16,382
3829_s_4_exc,14,521
382_s_1_neu,23,695
3830_s_4_exc,6,175
3831_s_4_exc,18,342
3832_s_4_exc,18,621
3833_s_4_exc,7,193
3834_s_4_exc,16,351
3835_s_4_exc,23,457
3836_s_4_exc,7,239
3837_s_4_exc,25,476
3838_s_4_exc,15,256
3839_s_4_exc,15,378
383_s_1_hap,55,1627
3840_s_4_exc,18,310
3841_s_4_exc,17,493
3842_s_4_exc,15,393
3843_s_4_hap,16,390
3844_s_4_exc,12,369
3845_s_4_exc,11,196
3846_s_4_hap,16,373
3847_s_4_hap,21,642
3848_s_4_hap,21,624
3849_s_4_hap,39,974
384_s_1_sad,20,637
3850_s_4_hap,29,678
3851_s_4_exc,9,337
3852_s_4_exc,6,138
3853_s_4_exc,31,600
3854_s_4_exc,20,570
3855_s_4_hap,54,1166
3856_s_4_hap,39,908
3857_s_4_hap,6,182
3858_s_4_exc,62,1079
3859_s_4_hap,86,1722
385_s_1_neu,4,232
3860_s_4_hap,45,1193
3861_s_4_hap,8,146
3862_s_4_hap,26,724
3863_s_4_hap,22,566
3864_s_4_hap,20,657
3865_s_4_neu,23,661
3866_s_4_neu,13,317
3867_s_4_neu,9,221
3868_s_4_neu,21,346
3869_s_4_neu,33,524
386_s_1_neu,4,184
3870_s_4_neu,14,257
3871_s_4_neu,53,999
3872_s_4_neu,13,254
3873_s_4_neu,31,687
3874_s_4_neu,38,969
3875_s_4_neu,16,304
3876_s_4_neu,18,272
3877_s_4_neu,9,178
3878_s_4_neu,13,333
3879_s_4_neu,23,484
387_s_1_sad,12,447
3880_s_4_neu,17,300
3881_s_4_neu,7,146
3882_s_4_neu,21,409
3883_s_4_neu,18,306
3884_s_4_neu,16,442
3885_s_4_neu,10,370
3886_s_4_neu,10,207
3887_s_4_neu,7,199
3888_s_4_neu,6,179
3889_s_4_neu,4,85
388_s_1_sad,41,1354
3890_s_4_neu,22,487
3891_s_4_neu,14,372
3892_s_4_neu,15,366
3893_s_4_neu,9,214
3894_s_4_neu,8,288
3895_s_4_neu,7,183
3896_s_4_neu,23,359
3897_s_4_neu,17,401
3898_s_4_neu,16,280
3899_s_4_neu,10,267
389_s_1_sad,8,217
38_s_1_neu,9,305
3900_s_4_neu,21,511
3901_s_4_ang,6,190
3902_s_4_ang,11,249
3903_s_4_ang,18,315
3904_s_4_ang,5,143
3905_s_4_ang,23,539
3906_s_4_ang,23,640
3907_s_4_ang,4,154
3908_s_4_ang,40,869
3909_s_4_ang,31,429
390_s_1_sad,30,999
3910_s_4_ang,25,438
3911_s_4_ang,18,393
3912_s_4_ang,4,172
3913_s_4_ang,17,373
3914_s_4_ang,19,344
3915_s_4_ang,21,539
3916_s_4_sad,8,317
3917_s_4_sad,6,247
3918_s_4_sad,20,528
3919_s_4_sad,12,494
391_s_1_neu,19,561
3920_s_4_sad,28,537
3921_s_4_sad,13,324
3922_s_4_sad,10,459
3923_s_4_sad,13,558
3924_s_4_sad,30,785
3925_s_4_sad,40,1208
3926_s_4_sad,12,316
3927_s_4_sad,21,519
3928_s_4_sad,54,1501
3929_s_4_sad,21,543
392_s_1_hap,18,623
3930_s_4_sad,21,565
3931_s_4_sad,21,483
3932_s_4_sad,5,201
3933_s_4_sad,13,660
3934_s_4_sad,34,840
3935_s_4_sad,4,210
3936_s_4_sad,29,1159
3937_s_4_sad,36,1045
3938_s_4_sad,4,159
3939_s_4_sad,4,135
393_s_1_hap,10,383
3940_s_4_sad,11,510
3941_s_4_sad,23,632
3942_s_4_sad,10,479
3943_s_4_sad,30,1211
3944_s_4_sad,4,277
3945_s_4_sad,25,1287
3946_s_4_sad,19,704
3947_s_4_sad,23,807
3948_s_4_sad,31,887
3949_s_4_sad,10,357
394_s_1_hap,10,213
3950_s_4_sad,25,665
3951_s_4_sad,17,770
3952_s_4_sad,4,282
3953_s_4_sad,18,737
3954_s_4_sad,23,956
3956_s_4_exc,6,188
3957_s_4_exc,12,238
3958_s_4_exc,39,923
3959_s_4_exc,4,117
395_s_1_hap,16,459
3960_s_4_exc,4,110
3961_s_4_exc,15,313
3962_s_4_exc,14,321
3963_s_4_exc,8,177
3964_s_4_hap,11,265
3965_s_4_exc,14,243
3966_s_4_exc,8,254
3967_s_4_exc,29,483
3968_s_4_exc,10,338
3969_s_4_exc,11,307
396_s_1_sad,9,252
3970_s_4_exc,5,230
3971_s_4_exc,4,143
3972_s_4_exc,16,289
3973_s_4_neu,11,307
3974_s_4_neu,15,252
3975_s_4_exc,17,394
3976_s_4_neu,6,181
3977_s_4_neu,4,142
3978_s_4_exc,40,1168
3979_s_4_exc,14,273
397_s_1_neu,5,294
3980_s_4_exc,6,182
3981_s_4_exc,32,477
3982_s_4_exc,11,247
3983_s_4_hap,30,705
3984_s_4_hap,4,119
3985_s_4_hap,6,143
3986_s_4_hap,28,654
3987_s_4_hap,19,320
3988_s_4_hap,29,598
3989_s_4_hap,26,578
398_s_1_exc,17,309
3990_s_4_exc,39,895
3991_s_4_exc,40,847
3992_s_4_exc,22,569
3993_s_4_exc,31,510
3994_s_4_neu,15,418
3995_s_4_neu,28,586
3996_s_4_neu,9,196
3997_s_4_neu,7,233
3998_s_4_neu,39,337
3999_s_4_neu,15,195
399_s_1_exc,11,244
39_s_1_sad,10,306
3_s_1_ang,15,439
4000_s_4_neu,15,502
4001_s_4_neu,13,184
4002_s_4_neu,30,645
4003_s_4_neu,31,623
4004_s_4_neu,23,419
4005_s_4_neu,9,386
4006_s_4_neu,14,238
4007_s_4_hap,12,217
4008_s_4_hap,18,496
4009_s_4_hap,9,249
400_s_1_neu,8,242
4010_s_4_neu,4,162
4011_s_4_neu,16,421
4012_s_4_neu,5,86
4013_s_4_neu,11,287
4014_s_4_neu,4,116
4015_s_4_neu,9,390
4016_s_4_neu,11,525
4017_s_4_neu,14,333
4018_s_4_neu,17,538
4019_s_4_neu,5,169
401_s_1_neu,29,689
4020_s_4_neu,21,865
4021_s_4_neu,21,534
4022_s_4_neu,17,496
4023_s_4_neu,49,692
4024_s_4_neu,33,633
4025_s_4_neu,4,145
4026_s_4_neu,6,123
4027_s_4_neu,26,296
4028_s_4_neu,19,358
4029_s_4_neu,77,999
402_s_1_neu,72,1563
4030_s_4_neu,25,414
4031_s_4_neu,42,894
4032_s_4_neu,7,132
4033_s_4_neu,21,506
4034_s_4_sad,19,481
4035_s_4_ang,10,216
4036_s_4_ang,16,277
4037_s_4_ang,39,827
4038_s_4_neu,4,201
4039_s_4_neu,11,286
403_s_1_neu,21,549
4040_s_4_ang,21,304
4041_s_4_neu,16,363
4042_s_4_ang,18,412
4043_s_4_ang,25,470
4044_s_4_neu,21,500
4045_s_4_neu,18,316
4046_s_4_ang,13,259
4047_s_4_neu,13,268
4048_s_4_neu,9,222
4049_s_4_ang,8,204
404_s_1_neu,42,1055
4050_s_4_ang,6,208
4051_s_4_ang,16,299
4052_s_4_ang,7,209
4053_s_4_ang,11,319
4054_s_4_ang,40,929
4055_s_4_ang,13,258
4056_s_4_neu,6,233
4057_s_4_neu,10,196
4058_s_4_ang,10,172
4059_s_4_ang,23,430
405_s_1_neu,11,508
4060_s_4_neu,10,250
4061_s_4_ang,14,373
4062_s_4_ang,46,952
4063_s_4_neu,10,276
4064_s_4_neu,24,314
4065_s_4_neu,9,179
4066_s_4_sad,34,1204
4067_s_4_ang,13,381
4068_s_4_ang,36,769
4069_s_4_neu,9,286
406_s_1_neu,10,536
4070_s_4_neu,9,289
4071_s_4_ang,9,335
4072_s_4_neu,8,193
4073_s_4_ang,22,380
4074_s_4_ang,11,387
4075_s_4_ang,10,284
4076_s_4_ang,9,241
4077_s_4_ang,10,291
4078_s_4_neu,11,329
4079_s_4_ang,17,370
407_s_1_neu,12,296
4080_s_4_ang,40,769
4081_s_4_ang,43,801
4082_s_4_ang,29,646
4083_s_4_ang,41,892
4084_s_4_ang,15,334
4085_s_4_ang,24,546
4086_s_4_ang,27,811
4087_s_4_ang,16,365
4088_s_4_ang,15,292
4089_s_4_sad,8,190
408_s_1_hap,11,183
4090_s_4_neu,8,284
4091_s_4_neu,13,244
4092_s_4_neu,6,284
4093_s_4_neu,4,115
4094_s_4_ang,21,584
4095_s_4_hap,6,162
4096_s_4_hap,39,805
4097_s_4_hap,36,804
4098_s_4_sad,5,277
4099_s_4_sad,7,223
409_s_1_hap,10,399
40_s_1_sad,13,453
4100_s_4_hap,10,256
4101_s_4_sad,18,507
4102_s_4_sad,10,303
4103_s_4_sad,26,930
4104_s_4_sad,7,405
4105_s_4_sad,6,247
4106_s_4_sad,18,575
4107_s_4_sad,55,1481
4108_s_4_sad,36,1188
4109_s_4_sad,28,1159
410_s_1_neu,6,302
4110_s_4_sad,48,1671
4111_s_4_sad,29,1050
4112_s_4_sad,61,1457
4113_s_4_sad,46,1535
4114_s_4_hap,16,356
4115_s_4_neu,4,177
4116_s_4_ang,7,193
4117_s_4_ang,13,275
4118_s_4_ang,25,511
4119_s_4_ang,4,137
411_s_1_sad,12,289
4120_s_4_ang,12,230
4121_s_4_ang,11,217
4122_s_4_ang,8,178
4123_s_4_ang,12,279
4124_s_4_ang,30,721
4125_s_4_neu,9,220
4126_s_4_ang,4,146
4127_s_4_ang,48,1015
4128_s_4_exc,38,630
4129_s_4_exc,49,1204
412_s_1_sad,14,362
4130_s_4_exc,41,846
4131_s_4_neu,7,164
4132_s_4_exc,28,468
4133_s_4_neu,24,857
4134_s_4_neu,7,186
4135_s_4_neu,4,90
4136_s_4_neu,9,227
4137_s_4_exc,70,1409
4138_s_4_exc,9,339
4139_s_4_exc,22,416
413_s_1_neu,17,678
4140_s_4_exc,49,1021
4141_s_4_exc,30,793
4142_s_4_exc,57,1431
4143_s_4_exc,57,1302
4144_s_4_exc,39,999
4145_s_4_exc,35,964
4146_s_4_exc,77,1812
4147_s_4_exc,9,270
4148_s_4_neu,9,342
4149_s_4_ang,38,648
414_s_1_neu,17,425
4150_s_4_ang,17,440
4151_s_4_ang,14,342
4152_s_4_ang,30,779
4153_s_4_sad,53,1425
4154_s_4_sad,16,420
4155_s_4_sad,20,533
4156_s_4_sad,4,220
4157_s_4_sad,4,233
4158_s_4_ang,4,139
4159_s_4_ang,15,307
415_s_1_neu,7,140
4160_s_4_ang,17,346
4161_s_4_ang,27,437
4162_s_4_ang,15,365
4163_s_4_sad,8,175
4164_s_4_hap,23,570
4165_s_4_hap,34,1032
4166_s_4_neu,9,227
4167_s_4_neu,6,189
4168_s_4_ang,9,173
4169_s_4_ang,51,965
416_s_1_hap,9,317
4170_s_4_neu,11,235
4171_s_4_neu,72,1300
4172_s_4_ang,58,1155
4173_s_4_ang,47,794
4174_s_4_ang,10,195
4175_s_4_sad,21,396
4176_s_4_hap,17,482
4177_s_4_hap,34,679
4178_s_4_hap,17,666
4179_s_4_exc,12,325
417_s_1_hap,7,189
4180_s_4_exc,8,185
4181_s_4_exc,15,292
4182_s_4_exc,15,325
4183_s_4_exc,16,300
4184_s_4_exc,6,132
4185_s_4_neu,16,353
4186_s_4_exc,17,515
4187_s_4_exc,13,322
4188_s_4_exc,21,385
4189_s_4_exc,12,228
418_s_1_neu,14,423
4190_s_4_exc,33,867
4191_s_4_exc,6,197
4192_s_4_exc,23,510
4193_s_4_exc,33,561
4194_s_4_exc,10,254
4195_s_4_exc,17,399
4196_s_4_exc,12,276
4197_s_4_exc,27,663
4198_s_4_exc,11,434
4199_s_4_exc,8,234
419_s_1_neu,17,700
41_s_1_sad,27,579
4200_s_4_neu,17,344
4201_s_4_exc,9,217
4202_s_4_exc,14,275
4203_s_4_exc,13,248
4204_s_4_neu,12,367
4205_s_4_neu,20,328
4206_s_4_ang,56,1419
4207_s_4_sad,14,351
4208_s_4_exc,36,794
4209_s_4_ang,11,191
420_s_1_hap,5,248
4210_s_4_neu,4,197
4211_s_4_exc,14,210
4212_s_4_neu,19,481
4213_s_4_ang,12,259
4214_s_4_hap,27,631
4215_s_4_hap,12,385
4216_s_4_hap,8,224
4217_s_4_exc,23,441
4218_s_4_hap,11,382
4219_s_4_neu,7,103
421_s_1_hap,15,647
4220_s_4_ang,6,175
4221_s_4_ang,6,190
4222_s_4_ang,10,301
4223_s_4_ang,4,160
4224_s_4_ang,10,165
4225_s_4_ang,7,233
4226_s_4_neu,22,144
4227_s_4_ang,11,257
4228_s_4_ang,32,627
4229_s_4_ang,11,259
422_s_1_exc,9,253
4230_s_4_ang,7,285
4231_s_4_ang,19,401
4232_s_4_ang,9,194
4233_s_4_ang,22,543
4234_s_4_ang,7,196
4235_s_4_ang,18,337
4236_s_4_ang,4,229
4237_s_4_ang,17,408
4238_s_4_ang,9,279
4239_s_4_ang,17,398
423_s_1_exc,11,219
4240_s_4_ang,14,319
4241_s_4_ang,15,520
4242_s_4_neu,7,182
4243_s_4_ang,23,473
4244_s_4_ang,4,76
4245_s_4_ang,26,518
4246_s_4_ang,20,385
4247_s_4_ang,9,137
4248_s_4_ang,36,544
4249_s_4_ang,9,150
424_s_1_hap,9,253
4250_s_4_ang,19,406
4251_s_4_ang,5,153
4252_s_4_neu,10,205
4253_s_4_ang,17,327
4254_s_4_neu,4,127
4255_s_4_ang,14,216
4256_s_4_ang,6,208
4257_s_4_ang,6,183
4258_s_4_ang,14,274
4259_s_4_ang,9,281
425_s_1_hap,14,379
4260_s_4_ang,5,160
4261_s_4_ang,4,223
4262_s_4_ang,9,261
4263_s_4_ang,13,271
4264_s_4_ang,7,134
4265_s_4_neu,4,158
4266_s_4_ang,27,415
4267_s_4_neu,4,215
4268_s_4_ang,19,353
4269_s_4_ang,21,440
426_s_1_exc,6,152
4270_s_4_ang,5,126
4271_s_4_ang,18,339
4272_s_4_ang,11,416
4273_s_4_ang,18,558
4274_s_4_ang,10,180
4275_s_4_ang,24,546
4276_s_4_ang,9,260
4277_s_4_ang,10,271
4278_s_4_ang,9,308
4279_s_4_ang,13,220
427_s_1_hap,7,458
4280_s_4_ang,6,224
4281_s_4_ang,4,121
4282_s_4_ang,11,266
4283_s_4_ang,22,520
4284_s_4_ang,9,178
4285_s_4_ang,8,108
4286_s_4_ang,8,190
4287_s_4_ang,9,235
4288_s_4_ang,21,469
4289_s_4_ang,5,192
428_s_1_hap,10,396
429_s_1_hap,34,916
42_s_1_sad,30,495
430_s_1_exc,18,507
431_s_1_hap,34,1221
432_s_1_hap,13,718
433_s_1_exc,8,266
434_s_1_hap,13,627
435_s_1_hap,18,526
436_s_1_hap,7,205
437_s_1_hap,30,806
438_s_1_hap,33,1019
439_s_1_hap,5,244
43_s_1_sad,14,367
440_s_1_exc,12,399
441_s_1_exc,47,1258
442_s_1_hap,22,758
443_s_1_hap,59,1663
444_s_1_hap,13,427
445_s_1_hap,19,518
446_s_1_hap,14,505
447_s_1_hap,8,525
448_s_1_hap,13,407
449_s_1_hap,16,382
44_s_1_sad,11,422
450_s_1_neu,18,565
451_s_1_neu,8,203
452_s_1_ang,7,207
453_s_1_ang,4,218
454_s_1_ang,14,474
455_s_1_ang,17,459
456_s_1_ang,7,177
457_s_1_ang,6,184
458_s_1_ang,30,851
459_s_1_ang,10,263
45_s_1_sad,4,322
460_s_1_ang,7,224
461_s_1_ang,18,435
462_s_1_ang,10,288
463_s_1_ang,22,585
464_s_1_ang,6,197
465_s_1_ang,5,247
466_s_1_ang,19,305
467_s_1_neu,4,138
468_s_1_neu,15,365
469_s_1_neu,8,256
46_s_1_neu,13,468
470_s_1_ang,15,505
471_s_1_ang,14,393
472_s_1_ang,35,883
473_s_1_ang,37,1035
474_s_1_ang,18,542
475_s_1_ang,9,199
476_s_1_ang,63,1843
477_s_1_neu,16,645
478_s_1_neu,16,438
479_s_1_neu,16,423
47_s_1_sad,17,473
480_s_1_ang,6,260
481_s_1_neu,11,269
482_s_1_neu,16,353
483_s_1_ang,6,225
484_s_1_neu,9,335
485_s_1_neu,16,298
486_s_1_neu,6,137
487_s_1_ang,29,509
488_s_1_ang,19,319
489_s_1_ang,23,728
48_s_1_sad,14,461
490_s_1_ang,14,372
491_s_1_ang,53,1275
492_s_1_ang,13,449
493_s_1_ang,32,914
494_s_1_ang,50,1484
495_s_1_ang,21,507
496_s_1_ang,12,232
497_s_1_neu,11,426
498_s_1_ang,9,295
499_s_1_ang,14,567
49_s_1_neu,5,125
4_s_1_ang,38,889
500_s_1_ang,6,317
501_s_1_ang,9,234
502_s_1_ang,11,426
503_s_1_ang,32,897
504_s_1_ang,9,206
505_s_1_ang,6,149
506_s_1_ang,58,1600
507_s_1_ang,4,169
508_s_1_ang,7,205
509_s_1_ang,15,342
50_s_1_hap,7,286
510_s_1_ang,18,373
511_s_1_ang,10,216
512_s_1_ang,4,192
513_s_1_ang,10,361
514_s_1_ang,13,333
515_s_1_ang,21,491
516_s_1_ang,45,1069
517_s_1_neu,17,371
518_s_1_neu,14,343
519_s_1_neu,6,248
51_s_1_hap,10,344
520_s_1_neu,11,222
521_s_1_ang,19,362
522_s_1_ang,15,334
523_s_1_ang,4,112
524_s_1_ang,13,267
525_s_1_ang,33,551
526_s_1_neu,6,339
527_s_1_sad,12,330
528_s_1_sad,8,326
529_s_1_sad,10,406
52_s_1_hap,11,257
530_s_1_sad,9,269
531_s_1_sad,18,494
532_s_1_sad,7,229
533_s_1_neu,9,330
534_s_1_sad,8,376
535_s_1_sad,13,430
536_s_1_sad,7,271
537_s_1_sad,32,852
538_s_1_sad,9,292
539_s_1_sad,9,268
53_s_1_hap,12,377
540_s_1_sad,14,419
541_s_1_sad,7,183
542_s_1_sad,16,442
543_s_1_sad,16,834
544_s_1_sad,9,228
545_s_1_sad,12,439
546_s_1_sad,20,668
547_s_1_sad,9,319
548_s_1_sad,15,352
549_s_1_sad,5,208
54_s_1_hap,9,258
550_s_1_sad,12,376
551_s_1_sad,5,207
552_s_1_sad,17,531
553_s_1_sad,6,245
554_s_1_exc,4,137
555_s_1_exc,8,155
556_s_1_exc,11,259
557_s_1_exc,24,721
558_s_1_exc,10,373
559_s_1_exc,17,433
55_s_1_hap,33,634
560_s_1_exc,22,720
561_s_1_exc,8,377
562_s_1_exc,42,1105
563_s_1_exc,30,841
564_s_1_exc,40,752
565_s_1_exc,4,173
566_s_1_exc,10,326
567_s_1_exc,20,663
568_s_1_exc,13,442
569_s_1_neu,11,291
56_s_1_hap,19,267
570_s_1_neu,4,126
571_s_1_exc,14,361
572_s_1_exc,7,178
573_s_1_neu,9,353
574_s_1_exc,16,399
575_s_1_exc,25,778
576_s_1_exc,5,180
577_s_1_exc,12,367
578_s_1_exc,8,264
579_s_1_exc,11,264
57_s_1_hap,13,170
580_s_1_exc,16,526
581_s_1_neu,17,361
582_s_1_exc,50,926
583_s_1_exc,20,419
584_s_1_neu,30,746
585_s_1_exc,33,808
586_s_1_exc,80,1506
587_s_1_exc,21,268
588_s_1_exc,11,229
589_s_1_exc,12,172
58_s_1_hap,13,320
590_s_1_exc,6,215
591_s_1_neu,16,354
592_s_1_exc,8,210
593_s_1_exc,22,393
594_s_1_exc,57,1133
595_s_1_neu,6,205
596_s_1_exc,19,378
597_s_1_exc,20,331
598_s_1_neu,37,868
599_s_1_exc,39,978
59_s_1_hap,7,228
5_s_1_ang,40,1078
600_s_1_exc,16,454
601_s_1_exc,8,146
602_s_1_neu,8,267
603_s_1_neu,7,185
604_s_1_neu,12,321
605_s_1_neu,16,275
606_s_1_neu,14,330
607_s_1_neu,25,659
608_s_1_neu,15,332
609_s_1_neu,6,228
60_s_1_hap,21,513
610_s_1_neu,24,434
611_s_1_neu,27,804
612_s_1_neu,33,1215
613_s_1_neu,4,179
614_s_1_neu,17,502
615_s_1_neu,14,295
616_s_1_neu,10,228
617_s_1_neu,4,149
618_s_1_neu,14,398
619_s_1_neu,21,784
61_s_1_exc,15,457
620_s_1_neu,15,404
621_s_1_neu,9,238
622_s_1_neu,9,282
623_s_1_neu,22,665
624_s_1_neu,7,283
625_s_1_neu,15,324
626_s_1_ang,4,128
627_s_1_ang,28,774
628_s_1_ang,34,630
629_s_1_neu,6,152
62_s_1_hap,11,205
630_s_1_neu,7,205
631_s_1_neu,9,265
632_s_1_neu,12,352
633_s_1_neu,4,129
634_s_1_neu,15,406
635_s_1_neu,8,286
636_s_1_neu,7,274
637_s_1_neu,17,279
638_s_1_neu,14,425
639_s_1_neu,9,239
63_s_1_neu,12,298
640_s_1_neu,8,253
641_s_1_neu,9,173
642_s_1_neu,22,600
643_s_1_neu,24,574
644_s_1_neu,19,883
645_s_1_neu,10,262
646_s_1_neu,12,325
647_s_1_neu,22,626
648_s_1_neu,7,128
649_s_1_neu,4,148
64_s_1_neu,12,292
650_s_1_neu,4,160
651_s_1_neu,6,193
652_s_1_neu,19,459
653_s_1_neu,9,304
654_s_1_neu,6,147
655_s_1_neu,6,204
656_s_1_neu,7,172
657_s_1_neu,11,206
658_s_1_neu,6,125
659_s_1_neu,8,241
65_s_1_neu,4,142
660_s_1_neu,4,123
661_s_1_neu,21,537
662_s_1_ang,30,488
663_s_1_ang,18,305
664_s_1_ang,11,282
665_s_1_ang,16,375
666_s_1_ang,6,318
667_s_1_neu,4,207
668_s_1_ang,11,250
669_s_1_ang,28,585
66_s_1_hap,23,546
670_s_1_ang,17,583
671_s_1_ang,33,651
672_s_1_ang,17,350
673_s_1_ang,38,699
674_s_1_ang,39,672
675_s_1_ang,24,618
676_s_1_ang,26,532
677_s_1_ang,7,242
678_s_1_neu,5,258
679_s_1_neu,6,312
67_s_1_neu,11,225
680_s_1_neu,14,232
681_s_1_sad,9,279
682_s_1_sad,11,284
683_s_1_sad,5,206
684_s_1_sad,7,252
685_s_1_neu,7,221
686_s_1_neu,6,190
687_s_1_neu,18,397
688_s_1_neu,9,436
689_s_1_neu,4,154
68_s_1_neu,4,84
690_s_1_neu,4,136
691_s_1_neu,7,295
692_s_1_neu,7,137
693_s_1_neu,3,121
694_s_1_neu,7,184
695_s_1_neu,12,244
696_s_1_neu,10,234
697_s_1_neu,15,419
698_s_1_neu,6,306
699_s_1_neu,7,200
69_s_1_hap,14,440
6_s_1_ang,30,916
700_s_1_neu,6,195
701_s_1_neu,7,199
702_s_1_neu,10,279
703_s_1_neu,8,185
704_s_1_neu,10,297
705_s_1_neu,4,211
706_s_1_neu,12,359
707_s_1_sad,9,404
708_s_1_sad,11,371
709_s_1_sad,8,430
70_s_1_hap,10,393
710_s_1_sad,10,360
711_s_1_sad,15,389
712_s_1_sad,17,346
713_s_1_sad,26,1558
714_s_1_sad,19,400
715_s_1_sad,11,426
716_s_1_sad,4,337
717_s_1_sad,6,348
718_s_1_sad,34,659
719_s_1_sad,4,145
71_s_1_hap,19,601
720_s_1_sad,24,513
721_s_1_sad,10,332
722_s_1_sad,20,502
723_s_1_sad,12,226
724_s_1_sad,70,2374
725_s_1_sad,21,388
726_s_1_sad,9,285
727_s_1_sad,4,139
728_s_1_sad,4,213
729_s_1_sad,11,305
72_s_1_neu,12,222
730_s_1_sad,9,295
731_s_1_sad,22,438
732_s_1_sad,5,134
733_s_1_sad,7,292
734_s_1_sad,4,201
735_s_1_sad,21,436
736_s_1_sad,5,219
737_s_1_sad,37,672
738_s_1_neu,4,94
739_s_1_exc,20,717
73_s_1_neu,8,206
740_s_1_exc,8,275
741_s_1_exc,6,277
742_s_1_exc,11,355
743_s_1_exc,13,470
744_s_1_exc,15,413
745_s_1_exc,11,246
746_s_1_exc,12,499
747_s_1_neu,4,143
748_s_1_exc,19,596
749_s_1_neu,7,371
74_s_1_exc,7,397
750_s_1_exc,17,339
751_s_1_exc,43,1126
752_s_1_exc,18,399
753_s_1_exc,14,624
754_s_1_exc,24,475
755_s_1_neu,11,410
756_s_1_exc,36,726
757_s_1_exc,17,526
758_s_1_exc,6,273
759_s_1_exc,16,249
75_s_1_neu,10,209
760_s_1_exc,20,360
761_s_1_exc,20,521
762_s_1_exc,48,1162
763_s_1_hap,12,235
764_s_1_hap,30,1030
765_s_1_exc,24,529
766_s_1_exc,30,653
767_s_1_exc,23,513
768_s_1_exc,73,1346
769_s_1_exc,11,390
76_s_1_hap,12,275
770_s_1_exc,42,950
771_s_1_hap,16,413
772_s_1_exc,5,168
773_s_1_exc,35,482
774_s_1_exc,7,197
775_s_1_exc,48,1250
776_s_1_hap,14,313
777_s_1_hap,53,1169
778_s_1_hap,14,267
779_s_1_exc,23,570
77_s_1_neu,4,132
780_s_1_hap,7,134
781_s_1_neu,22,386
782_s_1_exc,29,446
783_s_1_neu,11,290
784_s_1_neu,14,203
785_s_1_hap,14,348
786_s_1_hap,5,179
787_s_1_sad,8,236
788_s_1_sad,6,311
789_s_1_sad,7,221
78_s_1_neu,22,491
790_s_1_ang,13,500
791_s_1_ang,9,341
792_s_1_ang,22,628
793_s_1_ang,49,1130
794_s_1_ang,24,687
795_s_1_ang,4,203
796_s_1_ang,22,367
797_s_1_ang,23,773
798_s_1_ang,60,1305
799_s_1_neu,17,363
79_s_1_neu,25,393
7_s_1_ang,37,981
800_s_1_neu,8,397
801_s_1_ang,13,311
802_s_1_ang,33,794
803_s_1_sad,23,917
804_s_1_ang,25,657
805_s_1_ang,6,337
806_s_1_ang,17,577
807_s_1_ang,9,341
808_s_1_ang,13,292
809_s_1_ang,42,1186
80_s_1_hap,14,279
810_s_1_ang,11,286
811_s_1_ang,11,386
812_s_1_ang,9,315
813_s_1_neu,6,332
814_s_1_neu,28,613
815_s_1_sad,19,634
816_s_1_sad,14,497
817_s_1_sad,17,512
818_s_1_sad,7,200
819_s_1_sad,7,292
81_s_1_hap,7,358
820_s_1_neu,12,368
821_s_1_ang,47,1242
822_s_1_ang,9,305
823_s_1_ang,7,235
824_s_1_sad,14,361
825_s_1_ang,12,430
826_s_1_ang,57,1119
827_s_1_neu,9,295
828_s_1_sad,9,268
829_s_1_sad,7,215
82_s_1_hap,6,218
830_s_1_ang,8,265
831_s_1_sad,16,469
832_s_1_ang,9,284
833_s_1_ang,18,454
834_s_1_ang,10,352
835_s_1_ang,27,844
836_s_1_ang,42,1361
837_s_1_ang,47,1032
838_s_1_ang,29,899
839_s_1_ang,16,465
83_s_1_neu,11,180
840_s_1_neu,10,450
841_s_1_neu,23,717
842_s_1_neu,12,252
843_s_1_ang,16,458
844_s_1_ang,10,523
845_s_1_ang,13,405
846_s_1_neu,12,365
847_s_1_neu,13,545
848_s_1_sad,14,809
849_s_1_neu,15,373
84_s_1_neu,27,479
850_s_1_sad,15,548
851_s_1_sad,14,545
852_s_1_neu,13,464
853_s_1_neu,10,337
854_s_1_exc,6,200
855_s_1_exc,34,850
856_s_1_hap,30,670
857_s_1_sad,9,228
858_s_1_sad,13,384
859_s_1_sad,8,303
85_s_1_neu,22,462
860_s_1_sad,9,350
861_s_1_sad,6,216
862_s_1_sad,5,283
863_s_1_sad,10,321
864_s_1_sad,9,348
865_s_1_hap,10,317
866_s_1_hap,15,326
867_s_1_hap,9,248
868_s_1_sad,5,287
869_s_1_neu,4,221
86_s_1_neu,27,268
870_s_1_neu,5,170
871_s_1_neu,4,265
872_s_1_hap,13,823
873_s_1_neu,7,226
874_s_1_exc,10,274
875_s_1_exc,11,486
876_s_1_hap,6,286
877_s_1_sad,14,395
878_s_1_sad,12,389
879_s_1_sad,21,878
87_s_1_exc,4,166
880_s_1_sad,7,298
881_s_1_sad,15,461
882_s_1_sad,14,552
883_s_1_sad,7,277
884_s_1_sad,6,285
885_s_1_sad,24,1385
886_s_1_sad,33,1229
887_s_1_sad,18,638
888_s_1_sad,32,1049
889_s_1_sad,49,2385
88_s_1_hap,10,369
890_s_1_sad,22,945
891_s_1_sad,29,1425
892_s_1_sad,21,800
893_s_1_sad,19,834
894_s_1_sad,22,806
895_s_1_sad,37,1347
896_s_1_sad,22,803
897_s_1_sad,23,1043
898_s_1_sad,9,345
899_s_1_hap,12,369
89_s_1_neu,7,222
8_s_1_ang,10,350
900_s_1_ang,25,469
901_s_1_neu,4,128
902_s_1_neu,6,174
903_s_1_hap,10,228
904_s_1_ang,7,230
905_s_1_ang,32,900
906_s_1_ang,4,150
907_s_1_ang,45,1401
908_s_1_ang,12,221
909_s_1_exc,25,515
90_s_1_neu,17,439
910_s_1_exc,62,1200
911_s_1_exc,17,492
912_s_1_exc,39,992
913_s_1_exc,28,1074
914_s_1_neu,17,419
915_s_1_neu,10,187
916_s_1_neu,21,684
917_s_1_neu,19,520
918_s_1_exc,50,1742
919_s_1_exc,17,352
91_s_1_neu,23,440
920_s_1_exc,20,442
921_s_1_neu,4,168
922_s_1_neu,8,285
923_s_1_ang,36,980
924_s_1_neu,7,160
925_s_1_exc,54,1573
926_s_1_exc,37,808
927_s_1_neu,12,223
928_s_1_neu,41,1186
929_s_1_exc,20,816
92_s_1_neu,5,241
930_s_1_exc,30,884
931_s_1_exc,28,1120
932_s_1_exc,26,839
933_s_1_exc,20,765
934_s_1_exc,24,769
935_s_1_exc,27,819
936_s_1_neu,7,233
937_s_1_ang,35,734
938_s_1_ang,20,494
939_s_1_ang,15,453
93_s_1_neu,19,355
940_s_1_ang,14,325
941_s_1_ang,22,466
942_s_1_ang,42,1148
943_s_1_neu,24,884
944_s_1_sad,24,980
945_s_1_sad,20,666
946_s_1_sad,4,217
947_s_1_sad,4,191
948_s_1_ang,16,358
949_s_1_ang,17,514
94_s_1_neu,4,138
950_s_1_ang,18,705
951_s_1_sad,13,464
952_s_1_sad,28,1160
953_s_1_sad,12,570
954_s_1_sad,16,829
955_s_1_sad,8,200
956_s_1_sad,30,1061
957_s_1_hap,10,433
958_s_1_hap,23,763
959_s_1_sad,9,288
95_s_1_neu,21,423
960_s_1_neu,5,337
961_s_1_exc,16,830
962_s_1_exc,21,526
963_s_1_exc,12,423
964_s_1_neu,16,509
965_s_1_neu,7,242
966_s_1_neu,23,843
967_s_1_neu,46,983
968_s_1_neu,19,471
969_s_1_neu,11,346
96_s_1_neu,4,149
970_s_1_neu,54,1386
971_s_1_neu,9,430
972_s_1_neu,11,281
973_s_1_neu,11,289
974_s_1_neu,6,446
975_s_1_neu,9,450
976_s_1_ang,34,676
977_s_1_ang,44,1428
978_s_1_sad,35,1485
979_s_1_sad,23,714
97_s_1_ang,7,201
980_s_1_neu,7,138
981_s_1_neu,4,165
982_s_1_sad,7,300
983_s_1_sad,10,336
984_s_1_sad,11,433
985_s_1_sad,17,671
986_s_1_sad,4,188
987_s_1_hap,8,350
988_s_1_neu,7,216
989_s_1_neu,16,469
98_s_1_ang,9,316
990_s_1_hap,5,276
991_s_1_hap,13,627
992_s_1_neu,5,269
993_s_1_hap,7,283
994_s_1_hap,10,262
995_s_1_exc,7,119
996_s_1_hap,10,253
997_s_1_hap,18,388
998_s_1_hap,7,136
999_s_1_hap,5,129
99_s_1_ang,13,318
9_s_1_ang,59,1414
